[2026-07-16 14:32:20] local.ERROR: file_put_contents(F:\xampp\htdocs\sardancoCrm\storage\framework/sessions/upPAZuLRa28V2Cab3sFhu09y0CTrPiQcbHI6MgA3): Failed to open stream: No such file or directory {"exception":"[object] (ErrorException(code: 0): file_put_contents(F:\\xampp\\htdocs\\sardancoCrm\\storage\\framework/sessions/upPAZuLRa28V2Cab3sFhu09y0CTrPiQcbHI6MgA3): Failed to open stream: No such file or directory at F:\\xampp\\htdocs\\sardancoCrm\\vendor\\laravel\\framework\\src\\Illuminate\\Filesystem\\Filesystem.php:190)
[stacktrace]
#0 F:\\xampp\\htdocs\\sardancoCrm\\vendor\\laravel\\framework\\src\\Illuminate\\Foundation\\Bootstrap\\HandleExceptions.php(270): Illuminate\\Foundation\\Bootstrap\\HandleExceptions->handleError(2, 'file_put_conten...', 'F:\\\\xampp\\\\htdocs...', 190)
#1 [internal function]: Illuminate\\Foundation\\Bootstrap\\HandleExceptions->Illuminate\\Foundation\\Bootstrap\\{closure}(2, 'file_put_conten...', 'F:\\\\xampp\\\\htdocs...', 190)
#2 F:\\xampp\\htdocs\\sardancoCrm\\vendor\\laravel\\framework\\src\\Illuminate\\Filesystem\\Filesystem.php(190): file_put_contents('F:\\\\xampp\\\\htdocs...', 'a:3:{s:6:\"_toke...', 2)
#3 F:\\xampp\\htdocs\\sardancoCrm\\vendor\\laravel\\framework\\src\\Illuminate\\Session\\FileSessionHandler.php(90): Illuminate\\Filesystem\\Filesystem->put('F:\\\\xampp\\\\htdocs...', 'a:3:{s:6:\"_toke...', true)
#4 F:\\xampp\\htdocs\\sardancoCrm\\vendor\\laravel\\framework\\src\\Illuminate\\Session\\Store.php(172): Illuminate\\Session\\FileSessionHandler->write('upPAZuLRa28V2Ca...', 'a:3:{s:6:\"_toke...')
#5 F:\\xampp\\htdocs\\sardancoCrm\\vendor\\laravel\\framework\\src\\Illuminate\\Session\\Middleware\\StartSession.php(238): Illuminate\\Session\\Store->save()
#6 F:\\xampp\\htdocs\\sardancoCrm\\vendor\\laravel\\framework\\src\\Illuminate\\Session\\Middleware\\StartSession.php(130): Illuminate\\Session\\Middleware\\StartSession->saveSession(Object(Illuminate\\Http\\Request))
#7 F:\\xampp\\htdocs\\sardancoCrm\\vendor\\laravel\\framework\\src\\Illuminate\\Session\\Middleware\\StartSession.php(64): Illuminate\\Session\\Middleware\\StartSession->handleStatefulRequest(Object(Illuminate\\Http\\Request), Object(Illuminate\\Session\\Store), Object(Closure))
#8 F:\\xampp\\htdocs\\sardancoCrm\\vendor\\laravel\\framework\\src\\Illuminate\\Pipeline\\Pipeline.php(180): Illuminate\\Session\\Middleware\\StartSession->handle(Object(Illuminate\\Http\\Request), Object(Closure))
#9 F:\\xampp\\htdocs\\sardancoCrm\\vendor\\laravel\\framework\\src\\Illuminate\\Cookie\\Middleware\\AddQueuedCookiesToResponse.php(37): Illuminate\\Pipeline\\Pipeline->Illuminate\\Pipeline\\{closure}(Object(Illuminate\\Http\\Request))
#10 F:\\xampp\\htdocs\\sardancoCrm\\vendor\\laravel\\framework\\src\\Illuminate\\Pipeline\\Pipeline.php(180): Illuminate\\Cookie\\Middleware\\AddQueuedCookiesToResponse->handle(Object(Illuminate\\Http\\Request), Object(Closure))
#11 F:\\xampp\\htdocs\\sardancoCrm\\vendor\\laravel\\framework\\src\\Illuminate\\Cookie\\Middleware\\EncryptCookies.php(67): Illuminate\\Pipeline\\Pipeline->Illuminate\\Pipeline\\{closure}(Object(Illuminate\\Http\\Request))
#12 F:\\xampp\\htdocs\\sardancoCrm\\vendor\\laravel\\framework\\src\\Illuminate\\Pipeline\\Pipeline.php(180): Illuminate\\Cookie\\Middleware\\EncryptCookies->handle(Object(Illuminate\\Http\\Request), Object(Closure))
#13 F:\\xampp\\htdocs\\sardancoCrm\\vendor\\laravel\\framework\\src\\Illuminate\\Pipeline\\Pipeline.php(116): Illuminate\\Pipeline\\Pipeline->Illuminate\\Pipeline\\{closure}(Object(Illuminate\\Http\\Request))
#14 F:\\xampp\\htdocs\\sardancoCrm\\vendor\\laravel\\framework\\src\\Illuminate\\Routing\\Router.php(797): Illuminate\\Pipeline\\Pipeline->then(Object(Closure))
#15 F:\\xampp\\htdocs\\sardancoCrm\\vendor\\laravel\\framework\\src\\Illuminate\\Routing\\Router.php(776): Illuminate\\Routing\\Router->runRouteWithinStack(Object(Illuminate\\Routing\\Route), Object(Illuminate\\Http\\Request))
#16 F:\\xampp\\htdocs\\sardancoCrm\\vendor\\laravel\\framework\\src\\Illuminate\\Routing\\Router.php(740): Illuminate\\Routing\\Router->runRoute(Object(Illuminate\\Http\\Request), Object(Illuminate\\Routing\\Route))
#17 F:\\xampp\\htdocs\\sardancoCrm\\vendor\\laravel\\framework\\src\\Illuminate\\Routing\\Router.php(729): Illuminate\\Routing\\Router->dispatchToRoute(Object(Illuminate\\Http\\Request))
#18 F:\\xampp\\htdocs\\sardancoCrm\\vendor\\laravel\\framework\\src\\Illuminate\\Foundation\\Http\\Kernel.php(190): Illuminate\\Routing\\Router->dispatch(Object(Illuminate\\Http\\Request))
#19 F:\\xampp\\htdocs\\sardancoCrm\\vendor\\laravel\\framework\\src\\Illuminate\\Pipeline\\Pipeline.php(141): Illuminate\\Foundation\\Http\\Kernel->Illuminate\\Foundation\\Http\\{closure}(Object(Illuminate\\Http\\Request))
#20 F:\\xampp\\htdocs\\sardancoCrm\\vendor\\laravel\\framework\\src\\Illuminate\\Foundation\\Http\\Middleware\\TransformsRequest.php(21): Illuminate\\Pipeline\\Pipeline->Illuminate\\Pipeline\\{closure}(Object(Illuminate\\Http\\Request))
#21 F:\\xampp\\htdocs\\sardancoCrm\\vendor\\laravel\\framework\\src\\Illuminate\\Foundation\\Http\\Middleware\\ConvertEmptyStringsToNull.php(31): Illuminate\\Foundation\\Http\\Middleware\\TransformsRequest->handle(Object(Illuminate\\Http\\Request), Object(Closure))
#22 F:\\xampp\\htdocs\\sardancoCrm\\vendor\\laravel\\framework\\src\\Illuminate\\Pipeline\\Pipeline.php(180): Illuminate\\Foundation\\Http\\Middleware\\ConvertEmptyStringsToNull->handle(Object(Illuminate\\Http\\Request), Object(Closure))
#23 F:\\xampp\\htdocs\\sardancoCrm\\vendor\\laravel\\framework\\src\\Illuminate\\Foundation\\Http\\Middleware\\TransformsRequest.php(21): Illuminate\\Pipeline\\Pipeline->Illuminate\\Pipeline\\{closure}(Object(Illuminate\\Http\\Request))
#24 F:\\xampp\\htdocs\\sardancoCrm\\vendor\\laravel\\framework\\src\\Illuminate\\Foundation\\Http\\Middleware\\TrimStrings.php(40): Illuminate\\Foundation\\Http\\Middleware\\TransformsRequest->handle(Object(Illuminate\\Http\\Request), Object(Closure))
#25 F:\\xampp\\htdocs\\sardancoCrm\\vendor\\laravel\\framework\\src\\Illuminate\\Pipeline\\Pipeline.php(180): Illuminate\\Foundation\\Http\\Middleware\\TrimStrings->handle(Object(Illuminate\\Http\\Request), Object(Closure))
#26 F:\\xampp\\htdocs\\sardancoCrm\\vendor\\laravel\\framework\\src\\Illuminate\\Foundation\\Http\\Middleware\\ValidatePostSize.php(27): Illuminate\\Pipeline\\Pipeline->Illuminate\\Pipeline\\{closure}(Object(Illuminate\\Http\\Request))
#27 F:\\xampp\\htdocs\\sardancoCrm\\vendor\\laravel\\framework\\src\\Illuminate\\Pipeline\\Pipeline.php(180): Illuminate\\Foundation\\Http\\Middleware\\ValidatePostSize->handle(Object(Illuminate\\Http\\Request), Object(Closure))
#28 F:\\xampp\\htdocs\\sardancoCrm\\vendor\\laravel\\framework\\src\\Illuminate\\Foundation\\Http\\Middleware\\PreventRequestsDuringMaintenance.php(86): Illuminate\\Pipeline\\Pipeline->Illuminate\\Pipeline\\{closure}(Object(Illuminate\\Http\\Request))
#29 F:\\xampp\\htdocs\\sardancoCrm\\vendor\\laravel\\framework\\src\\Illuminate\\Pipeline\\Pipeline.php(180): Illuminate\\Foundation\\Http\\Middleware\\PreventRequestsDuringMaintenance->handle(Object(Illuminate\\Http\\Request), Object(Closure))
#30 F:\\xampp\\htdocs\\sardancoCrm\\vendor\\laravel\\framework\\src\\Illuminate\\Http\\Middleware\\HandleCors.php(49): Illuminate\\Pipeline\\Pipeline->Illuminate\\Pipeline\\{closure}(Object(Illuminate\\Http\\Request))
#31 F:\\xampp\\htdocs\\sardancoCrm\\vendor\\laravel\\framework\\src\\Illuminate\\Pipeline\\Pipeline.php(180): Illuminate\\Http\\Middleware\\HandleCors->handle(Object(Illuminate\\Http\\Request), Object(Closure))
#32 F:\\xampp\\htdocs\\sardancoCrm\\vendor\\laravel\\framework\\src\\Illuminate\\Http\\Middleware\\TrustProxies.php(39): Illuminate\\Pipeline\\Pipeline->Illuminate\\Pipeline\\{closure}(Object(Illuminate\\Http\\Request))
#33 F:\\xampp\\htdocs\\sardancoCrm\\vendor\\laravel\\framework\\src\\Illuminate\\Pipeline\\Pipeline.php(180): Illuminate\\Http\\Middleware\\TrustProxies->handle(Object(Illuminate\\Http\\Request), Object(Closure))
#34 F:\\xampp\\htdocs\\sardancoCrm\\vendor\\laravel\\framework\\src\\Illuminate\\Pipeline\\Pipeline.php(116): Illuminate\\Pipeline\\Pipeline->Illuminate\\Pipeline\\{closure}(Object(Illuminate\\Http\\Request))
#35 F:\\xampp\\htdocs\\sardancoCrm\\vendor\\laravel\\framework\\src\\Illuminate\\Foundation\\Http\\Kernel.php(165): Illuminate\\Pipeline\\Pipeline->then(Object(Closure))
#36 F:\\xampp\\htdocs\\sardancoCrm\\vendor\\laravel\\framework\\src\\Illuminate\\Foundation\\Http\\Kernel.php(134): Illuminate\\Foundation\\Http\\Kernel->sendRequestThroughRouter(Object(Illuminate\\Http\\Request))
#37 F:\\xampp\\htdocs\\sardancoCrm\\public\\index.php(36): Illuminate\\Foundation\\Http\\Kernel->handle(Object(Illuminate\\Http\\Request))
#38 F:\\xampp\\htdocs\\sardancoCrm\\vendor\\laravel\\framework\\src\\Illuminate\\Foundation\\resources\\server.php(16): require_once('F:\\\\xampp\\\\htdocs...')
#39 {main}
"} 
[2026-07-16 14:32:28] local.ERROR: file_put_contents(F:\xampp\htdocs\sardancoCrm\storage\framework/sessions/EsmkWYMKl2s2nylIr1cmgkueyOr7AKpiaK92Sd5I): Failed to open stream: No such file or directory {"exception":"[object] (ErrorException(code: 0): file_put_contents(F:\\xampp\\htdocs\\sardancoCrm\\storage\\framework/sessions/EsmkWYMKl2s2nylIr1cmgkueyOr7AKpiaK92Sd5I): Failed to open stream: No such file or directory at F:\\xampp\\htdocs\\sardancoCrm\\vendor\\laravel\\framework\\src\\Illuminate\\Filesystem\\Filesystem.php:190)
[stacktrace]
#0 F:\\xampp\\htdocs\\sardancoCrm\\vendor\\laravel\\framework\\src\\Illuminate\\Foundation\\Bootstrap\\HandleExceptions.php(270): Illuminate\\Foundation\\Bootstrap\\HandleExceptions->handleError(2, 'file_put_conten...', 'F:\\\\xampp\\\\htdocs...', 190)
#1 [internal function]: Illuminate\\Foundation\\Bootstrap\\HandleExceptions->Illuminate\\Foundation\\Bootstrap\\{closure}(2, 'file_put_conten...', 'F:\\\\xampp\\\\htdocs...', 190)
#2 F:\\xampp\\htdocs\\sardancoCrm\\vendor\\laravel\\framework\\src\\Illuminate\\Filesystem\\Filesystem.php(190): file_put_contents('F:\\\\xampp\\\\htdocs...', 'a:3:{s:6:\"_toke...', 2)
#3 F:\\xampp\\htdocs\\sardancoCrm\\vendor\\laravel\\framework\\src\\Illuminate\\Session\\FileSessionHandler.php(90): Illuminate\\Filesystem\\Filesystem->put('F:\\\\xampp\\\\htdocs...', 'a:3:{s:6:\"_toke...', true)
#4 F:\\xampp\\htdocs\\sardancoCrm\\vendor\\laravel\\framework\\src\\Illuminate\\Session\\Store.php(172): Illuminate\\Session\\FileSessionHandler->write('EsmkWYMKl2s2nyl...', 'a:3:{s:6:\"_toke...')
#5 F:\\xampp\\htdocs\\sardancoCrm\\vendor\\laravel\\framework\\src\\Illuminate\\Session\\Middleware\\StartSession.php(238): Illuminate\\Session\\Store->save()
#6 F:\\xampp\\htdocs\\sardancoCrm\\vendor\\laravel\\framework\\src\\Illuminate\\Session\\Middleware\\StartSession.php(130): Illuminate\\Session\\Middleware\\StartSession->saveSession(Object(Illuminate\\Http\\Request))
#7 F:\\xampp\\htdocs\\sardancoCrm\\vendor\\laravel\\framework\\src\\Illuminate\\Session\\Middleware\\StartSession.php(64): Illuminate\\Session\\Middleware\\StartSession->handleStatefulRequest(Object(Illuminate\\Http\\Request), Object(Illuminate\\Session\\Store), Object(Closure))
#8 F:\\xampp\\htdocs\\sardancoCrm\\vendor\\laravel\\framework\\src\\Illuminate\\Pipeline\\Pipeline.php(180): Illuminate\\Session\\Middleware\\StartSession->handle(Object(Illuminate\\Http\\Request), Object(Closure))
#9 F:\\xampp\\htdocs\\sardancoCrm\\vendor\\laravel\\framework\\src\\Illuminate\\Cookie\\Middleware\\AddQueuedCookiesToResponse.php(37): Illuminate\\Pipeline\\Pipeline->Illuminate\\Pipeline\\{closure}(Object(Illuminate\\Http\\Request))
#10 F:\\xampp\\htdocs\\sardancoCrm\\vendor\\laravel\\framework\\src\\Illuminate\\Pipeline\\Pipeline.php(180): Illuminate\\Cookie\\Middleware\\AddQueuedCookiesToResponse->handle(Object(Illuminate\\Http\\Request), Object(Closure))
#11 F:\\xampp\\htdocs\\sardancoCrm\\vendor\\laravel\\framework\\src\\Illuminate\\Cookie\\Middleware\\EncryptCookies.php(67): Illuminate\\Pipeline\\Pipeline->Illuminate\\Pipeline\\{closure}(Object(Illuminate\\Http\\Request))
#12 F:\\xampp\\htdocs\\sardancoCrm\\vendor\\laravel\\framework\\src\\Illuminate\\Pipeline\\Pipeline.php(180): Illuminate\\Cookie\\Middleware\\EncryptCookies->handle(Object(Illuminate\\Http\\Request), Object(Closure))
#13 F:\\xampp\\htdocs\\sardancoCrm\\vendor\\laravel\\framework\\src\\Illuminate\\Pipeline\\Pipeline.php(116): Illuminate\\Pipeline\\Pipeline->Illuminate\\Pipeline\\{closure}(Object(Illuminate\\Http\\Request))
#14 F:\\xampp\\htdocs\\sardancoCrm\\vendor\\laravel\\framework\\src\\Illuminate\\Routing\\Router.php(797): Illuminate\\Pipeline\\Pipeline->then(Object(Closure))
#15 F:\\xampp\\htdocs\\sardancoCrm\\vendor\\laravel\\framework\\src\\Illuminate\\Routing\\Router.php(776): Illuminate\\Routing\\Router->runRouteWithinStack(Object(Illuminate\\Routing\\Route), Object(Illuminate\\Http\\Request))
#16 F:\\xampp\\htdocs\\sardancoCrm\\vendor\\laravel\\framework\\src\\Illuminate\\Routing\\Router.php(740): Illuminate\\Routing\\Router->runRoute(Object(Illuminate\\Http\\Request), Object(Illuminate\\Routing\\Route))
#17 F:\\xampp\\htdocs\\sardancoCrm\\vendor\\laravel\\framework\\src\\Illuminate\\Routing\\Router.php(729): Illuminate\\Routing\\Router->dispatchToRoute(Object(Illuminate\\Http\\Request))
#18 F:\\xampp\\htdocs\\sardancoCrm\\vendor\\laravel\\framework\\src\\Illuminate\\Foundation\\Http\\Kernel.php(190): Illuminate\\Routing\\Router->dispatch(Object(Illuminate\\Http\\Request))
#19 F:\\xampp\\htdocs\\sardancoCrm\\vendor\\laravel\\framework\\src\\Illuminate\\Pipeline\\Pipeline.php(141): Illuminate\\Foundation\\Http\\Kernel->Illuminate\\Foundation\\Http\\{closure}(Object(Illuminate\\Http\\Request))
#20 F:\\xampp\\htdocs\\sardancoCrm\\vendor\\laravel\\framework\\src\\Illuminate\\Foundation\\Http\\Middleware\\TransformsRequest.php(21): Illuminate\\Pipeline\\Pipeline->Illuminate\\Pipeline\\{closure}(Object(Illuminate\\Http\\Request))
#21 F:\\xampp\\htdocs\\sardancoCrm\\vendor\\laravel\\framework\\src\\Illuminate\\Foundation\\Http\\Middleware\\ConvertEmptyStringsToNull.php(31): Illuminate\\Foundation\\Http\\Middleware\\TransformsRequest->handle(Object(Illuminate\\Http\\Request), Object(Closure))
#22 F:\\xampp\\htdocs\\sardancoCrm\\vendor\\laravel\\framework\\src\\Illuminate\\Pipeline\\Pipeline.php(180): Illuminate\\Foundation\\Http\\Middleware\\ConvertEmptyStringsToNull->handle(Object(Illuminate\\Http\\Request), Object(Closure))
#23 F:\\xampp\\htdocs\\sardancoCrm\\vendor\\laravel\\framework\\src\\Illuminate\\Foundation\\Http\\Middleware\\TransformsRequest.php(21): Illuminate\\Pipeline\\Pipeline->Illuminate\\Pipeline\\{closure}(Object(Illuminate\\Http\\Request))
#24 F:\\xampp\\htdocs\\sardancoCrm\\vendor\\laravel\\framework\\src\\Illuminate\\Foundation\\Http\\Middleware\\TrimStrings.php(40): Illuminate\\Foundation\\Http\\Middleware\\TransformsRequest->handle(Object(Illuminate\\Http\\Request), Object(Closure))
#25 F:\\xampp\\htdocs\\sardancoCrm\\vendor\\laravel\\framework\\src\\Illuminate\\Pipeline\\Pipeline.php(180): Illuminate\\Foundation\\Http\\Middleware\\TrimStrings->handle(Object(Illuminate\\Http\\Request), Object(Closure))
#26 F:\\xampp\\htdocs\\sardancoCrm\\vendor\\laravel\\framework\\src\\Illuminate\\Foundation\\Http\\Middleware\\ValidatePostSize.php(27): Illuminate\\Pipeline\\Pipeline->Illuminate\\Pipeline\\{closure}(Object(Illuminate\\Http\\Request))
#27 F:\\xampp\\htdocs\\sardancoCrm\\vendor\\laravel\\framework\\src\\Illuminate\\Pipeline\\Pipeline.php(180): Illuminate\\Foundation\\Http\\Middleware\\ValidatePostSize->handle(Object(Illuminate\\Http\\Request), Object(Closure))
#28 F:\\xampp\\htdocs\\sardancoCrm\\vendor\\laravel\\framework\\src\\Illuminate\\Foundation\\Http\\Middleware\\PreventRequestsDuringMaintenance.php(86): Illuminate\\Pipeline\\Pipeline->Illuminate\\Pipeline\\{closure}(Object(Illuminate\\Http\\Request))
#29 F:\\xampp\\htdocs\\sardancoCrm\\vendor\\laravel\\framework\\src\\Illuminate\\Pipeline\\Pipeline.php(180): Illuminate\\Foundation\\Http\\Middleware\\PreventRequestsDuringMaintenance->handle(Object(Illuminate\\Http\\Request), Object(Closure))
#30 F:\\xampp\\htdocs\\sardancoCrm\\vendor\\laravel\\framework\\src\\Illuminate\\Http\\Middleware\\HandleCors.php(49): Illuminate\\Pipeline\\Pipeline->Illuminate\\Pipeline\\{closure}(Object(Illuminate\\Http\\Request))
#31 F:\\xampp\\htdocs\\sardancoCrm\\vendor\\laravel\\framework\\src\\Illuminate\\Pipeline\\Pipeline.php(180): Illuminate\\Http\\Middleware\\HandleCors->handle(Object(Illuminate\\Http\\Request), Object(Closure))
#32 F:\\xampp\\htdocs\\sardancoCrm\\vendor\\laravel\\framework\\src\\Illuminate\\Http\\Middleware\\TrustProxies.php(39): Illuminate\\Pipeline\\Pipeline->Illuminate\\Pipeline\\{closure}(Object(Illuminate\\Http\\Request))
#33 F:\\xampp\\htdocs\\sardancoCrm\\vendor\\laravel\\framework\\src\\Illuminate\\Pipeline\\Pipeline.php(180): Illuminate\\Http\\Middleware\\TrustProxies->handle(Object(Illuminate\\Http\\Request), Object(Closure))
#34 F:\\xampp\\htdocs\\sardancoCrm\\vendor\\laravel\\framework\\src\\Illuminate\\Pipeline\\Pipeline.php(116): Illuminate\\Pipeline\\Pipeline->Illuminate\\Pipeline\\{closure}(Object(Illuminate\\Http\\Request))
#35 F:\\xampp\\htdocs\\sardancoCrm\\vendor\\laravel\\framework\\src\\Illuminate\\Foundation\\Http\\Kernel.php(165): Illuminate\\Pipeline\\Pipeline->then(Object(Closure))
#36 F:\\xampp\\htdocs\\sardancoCrm\\vendor\\laravel\\framework\\src\\Illuminate\\Foundation\\Http\\Kernel.php(134): Illuminate\\Foundation\\Http\\Kernel->sendRequestThroughRouter(Object(Illuminate\\Http\\Request))
#37 F:\\xampp\\htdocs\\sardancoCrm\\public\\index.php(36): Illuminate\\Foundation\\Http\\Kernel->handle(Object(Illuminate\\Http\\Request))
#38 F:\\xampp\\htdocs\\sardancoCrm\\vendor\\laravel\\framework\\src\\Illuminate\\Foundation\\resources\\server.php(16): require_once('F:\\\\xampp\\\\htdocs...')
#39 {main}
"} 
[2026-07-16 14:32:38] local.ERROR: file_put_contents(F:\xampp\htdocs\sardancoCrm\storage\framework/sessions/7wuSBtPHcViqOb3INlJVDKl158nsPHdPLxN0xw9N): Failed to open stream: No such file or directory {"exception":"[object] (ErrorException(code: 0): file_put_contents(F:\\xampp\\htdocs\\sardancoCrm\\storage\\framework/sessions/7wuSBtPHcViqOb3INlJVDKl158nsPHdPLxN0xw9N): Failed to open stream: No such file or directory at F:\\xampp\\htdocs\\sardancoCrm\\vendor\\laravel\\framework\\src\\Illuminate\\Filesystem\\Filesystem.php:190)
[stacktrace]
#0 F:\\xampp\\htdocs\\sardancoCrm\\vendor\\laravel\\framework\\src\\Illuminate\\Foundation\\Bootstrap\\HandleExceptions.php(270): Illuminate\\Foundation\\Bootstrap\\HandleExceptions->handleError(2, 'file_put_conten...', 'F:\\\\xampp\\\\htdocs...', 190)
#1 [internal function]: Illuminate\\Foundation\\Bootstrap\\HandleExceptions->Illuminate\\Foundation\\Bootstrap\\{closure}(2, 'file_put_conten...', 'F:\\\\xampp\\\\htdocs...', 190)
#2 F:\\xampp\\htdocs\\sardancoCrm\\vendor\\laravel\\framework\\src\\Illuminate\\Filesystem\\Filesystem.php(190): file_put_contents('F:\\\\xampp\\\\htdocs...', 'a:3:{s:6:\"_toke...', 2)
#3 F:\\xampp\\htdocs\\sardancoCrm\\vendor\\laravel\\framework\\src\\Illuminate\\Session\\FileSessionHandler.php(90): Illuminate\\Filesystem\\Filesystem->put('F:\\\\xampp\\\\htdocs...', 'a:3:{s:6:\"_toke...', true)
#4 F:\\xampp\\htdocs\\sardancoCrm\\vendor\\laravel\\framework\\src\\Illuminate\\Session\\Store.php(172): Illuminate\\Session\\FileSessionHandler->write('7wuSBtPHcViqOb3...', 'a:3:{s:6:\"_toke...')
#5 F:\\xampp\\htdocs\\sardancoCrm\\vendor\\laravel\\framework\\src\\Illuminate\\Session\\Middleware\\StartSession.php(238): Illuminate\\Session\\Store->save()
#6 F:\\xampp\\htdocs\\sardancoCrm\\vendor\\laravel\\framework\\src\\Illuminate\\Session\\Middleware\\StartSession.php(130): Illuminate\\Session\\Middleware\\StartSession->saveSession(Object(Illuminate\\Http\\Request))
#7 F:\\xampp\\htdocs\\sardancoCrm\\vendor\\laravel\\framework\\src\\Illuminate\\Session\\Middleware\\StartSession.php(64): Illuminate\\Session\\Middleware\\StartSession->handleStatefulRequest(Object(Illuminate\\Http\\Request), Object(Illuminate\\Session\\Store), Object(Closure))
#8 F:\\xampp\\htdocs\\sardancoCrm\\vendor\\laravel\\framework\\src\\Illuminate\\Pipeline\\Pipeline.php(180): Illuminate\\Session\\Middleware\\StartSession->handle(Object(Illuminate\\Http\\Request), Object(Closure))
#9 F:\\xampp\\htdocs\\sardancoCrm\\vendor\\laravel\\framework\\src\\Illuminate\\Cookie\\Middleware\\AddQueuedCookiesToResponse.php(37): Illuminate\\Pipeline\\Pipeline->Illuminate\\Pipeline\\{closure}(Object(Illuminate\\Http\\Request))
#10 F:\\xampp\\htdocs\\sardancoCrm\\vendor\\laravel\\framework\\src\\Illuminate\\Pipeline\\Pipeline.php(180): Illuminate\\Cookie\\Middleware\\AddQueuedCookiesToResponse->handle(Object(Illuminate\\Http\\Request), Object(Closure))
#11 F:\\xampp\\htdocs\\sardancoCrm\\vendor\\laravel\\framework\\src\\Illuminate\\Cookie\\Middleware\\EncryptCookies.php(67): Illuminate\\Pipeline\\Pipeline->Illuminate\\Pipeline\\{closure}(Object(Illuminate\\Http\\Request))
#12 F:\\xampp\\htdocs\\sardancoCrm\\vendor\\laravel\\framework\\src\\Illuminate\\Pipeline\\Pipeline.php(180): Illuminate\\Cookie\\Middleware\\EncryptCookies->handle(Object(Illuminate\\Http\\Request), Object(Closure))
#13 F:\\xampp\\htdocs\\sardancoCrm\\vendor\\laravel\\framework\\src\\Illuminate\\Pipeline\\Pipeline.php(116): Illuminate\\Pipeline\\Pipeline->Illuminate\\Pipeline\\{closure}(Object(Illuminate\\Http\\Request))
#14 F:\\xampp\\htdocs\\sardancoCrm\\vendor\\laravel\\framework\\src\\Illuminate\\Routing\\Router.php(797): Illuminate\\Pipeline\\Pipeline->then(Object(Closure))
#15 F:\\xampp\\htdocs\\sardancoCrm\\vendor\\laravel\\framework\\src\\Illuminate\\Routing\\Router.php(776): Illuminate\\Routing\\Router->runRouteWithinStack(Object(Illuminate\\Routing\\Route), Object(Illuminate\\Http\\Request))
#16 F:\\xampp\\htdocs\\sardancoCrm\\vendor\\laravel\\framework\\src\\Illuminate\\Routing\\Router.php(740): Illuminate\\Routing\\Router->runRoute(Object(Illuminate\\Http\\Request), Object(Illuminate\\Routing\\Route))
#17 F:\\xampp\\htdocs\\sardancoCrm\\vendor\\laravel\\framework\\src\\Illuminate\\Routing\\Router.php(729): Illuminate\\Routing\\Router->dispatchToRoute(Object(Illuminate\\Http\\Request))
#18 F:\\xampp\\htdocs\\sardancoCrm\\vendor\\laravel\\framework\\src\\Illuminate\\Foundation\\Http\\Kernel.php(190): Illuminate\\Routing\\Router->dispatch(Object(Illuminate\\Http\\Request))
#19 F:\\xampp\\htdocs\\sardancoCrm\\vendor\\laravel\\framework\\src\\Illuminate\\Pipeline\\Pipeline.php(141): Illuminate\\Foundation\\Http\\Kernel->Illuminate\\Foundation\\Http\\{closure}(Object(Illuminate\\Http\\Request))
#20 F:\\xampp\\htdocs\\sardancoCrm\\vendor\\laravel\\framework\\src\\Illuminate\\Foundation\\Http\\Middleware\\TransformsRequest.php(21): Illuminate\\Pipeline\\Pipeline->Illuminate\\Pipeline\\{closure}(Object(Illuminate\\Http\\Request))
#21 F:\\xampp\\htdocs\\sardancoCrm\\vendor\\laravel\\framework\\src\\Illuminate\\Foundation\\Http\\Middleware\\ConvertEmptyStringsToNull.php(31): Illuminate\\Foundation\\Http\\Middleware\\TransformsRequest->handle(Object(Illuminate\\Http\\Request), Object(Closure))
#22 F:\\xampp\\htdocs\\sardancoCrm\\vendor\\laravel\\framework\\src\\Illuminate\\Pipeline\\Pipeline.php(180): Illuminate\\Foundation\\Http\\Middleware\\ConvertEmptyStringsToNull->handle(Object(Illuminate\\Http\\Request), Object(Closure))
#23 F:\\xampp\\htdocs\\sardancoCrm\\vendor\\laravel\\framework\\src\\Illuminate\\Foundation\\Http\\Middleware\\TransformsRequest.php(21): Illuminate\\Pipeline\\Pipeline->Illuminate\\Pipeline\\{closure}(Object(Illuminate\\Http\\Request))
#24 F:\\xampp\\htdocs\\sardancoCrm\\vendor\\laravel\\framework\\src\\Illuminate\\Foundation\\Http\\Middleware\\TrimStrings.php(40): Illuminate\\Foundation\\Http\\Middleware\\TransformsRequest->handle(Object(Illuminate\\Http\\Request), Object(Closure))
#25 F:\\xampp\\htdocs\\sardancoCrm\\vendor\\laravel\\framework\\src\\Illuminate\\Pipeline\\Pipeline.php(180): Illuminate\\Foundation\\Http\\Middleware\\TrimStrings->handle(Object(Illuminate\\Http\\Request), Object(Closure))
#26 F:\\xampp\\htdocs\\sardancoCrm\\vendor\\laravel\\framework\\src\\Illuminate\\Foundation\\Http\\Middleware\\ValidatePostSize.php(27): Illuminate\\Pipeline\\Pipeline->Illuminate\\Pipeline\\{closure}(Object(Illuminate\\Http\\Request))
#27 F:\\xampp\\htdocs\\sardancoCrm\\vendor\\laravel\\framework\\src\\Illuminate\\Pipeline\\Pipeline.php(180): Illuminate\\Foundation\\Http\\Middleware\\ValidatePostSize->handle(Object(Illuminate\\Http\\Request), Object(Closure))
#28 F:\\xampp\\htdocs\\sardancoCrm\\vendor\\laravel\\framework\\src\\Illuminate\\Foundation\\Http\\Middleware\\PreventRequestsDuringMaintenance.php(86): Illuminate\\Pipeline\\Pipeline->Illuminate\\Pipeline\\{closure}(Object(Illuminate\\Http\\Request))
#29 F:\\xampp\\htdocs\\sardancoCrm\\vendor\\laravel\\framework\\src\\Illuminate\\Pipeline\\Pipeline.php(180): Illuminate\\Foundation\\Http\\Middleware\\PreventRequestsDuringMaintenance->handle(Object(Illuminate\\Http\\Request), Object(Closure))
#30 F:\\xampp\\htdocs\\sardancoCrm\\vendor\\laravel\\framework\\src\\Illuminate\\Http\\Middleware\\HandleCors.php(49): Illuminate\\Pipeline\\Pipeline->Illuminate\\Pipeline\\{closure}(Object(Illuminate\\Http\\Request))
#31 F:\\xampp\\htdocs\\sardancoCrm\\vendor\\laravel\\framework\\src\\Illuminate\\Pipeline\\Pipeline.php(180): Illuminate\\Http\\Middleware\\HandleCors->handle(Object(Illuminate\\Http\\Request), Object(Closure))
#32 F:\\xampp\\htdocs\\sardancoCrm\\vendor\\laravel\\framework\\src\\Illuminate\\Http\\Middleware\\TrustProxies.php(39): Illuminate\\Pipeline\\Pipeline->Illuminate\\Pipeline\\{closure}(Object(Illuminate\\Http\\Request))
#33 F:\\xampp\\htdocs\\sardancoCrm\\vendor\\laravel\\framework\\src\\Illuminate\\Pipeline\\Pipeline.php(180): Illuminate\\Http\\Middleware\\TrustProxies->handle(Object(Illuminate\\Http\\Request), Object(Closure))
#34 F:\\xampp\\htdocs\\sardancoCrm\\vendor\\laravel\\framework\\src\\Illuminate\\Pipeline\\Pipeline.php(116): Illuminate\\Pipeline\\Pipeline->Illuminate\\Pipeline\\{closure}(Object(Illuminate\\Http\\Request))
#35 F:\\xampp\\htdocs\\sardancoCrm\\vendor\\laravel\\framework\\src\\Illuminate\\Foundation\\Http\\Kernel.php(165): Illuminate\\Pipeline\\Pipeline->then(Object(Closure))
#36 F:\\xampp\\htdocs\\sardancoCrm\\vendor\\laravel\\framework\\src\\Illuminate\\Foundation\\Http\\Kernel.php(134): Illuminate\\Foundation\\Http\\Kernel->sendRequestThroughRouter(Object(Illuminate\\Http\\Request))
#37 F:\\xampp\\htdocs\\sardancoCrm\\public\\index.php(36): Illuminate\\Foundation\\Http\\Kernel->handle(Object(Illuminate\\Http\\Request))
#38 F:\\xampp\\htdocs\\sardancoCrm\\vendor\\laravel\\framework\\src\\Illuminate\\Foundation\\resources\\server.php(16): require_once('F:\\\\xampp\\\\htdocs...')
#39 {main}
"} 
[2026-07-16 14:34:09] local.ERROR: Vite manifest not found at: F:\xampp\htdocs\sardancoCrm\public\build/manifest.json {"view":{"view":"F:\\xampp\\htdocs\\sardancoCrm\\resources\\views\\layouts\\guest.blade.php","data":{"errors":"<pre class=sf-dump id=sf-dump-2095557362 data-indent-pad=\"  \"><span class=sf-dump-note>Illuminate\\Support\\ViewErrorBag</span> {<a class=sf-dump-ref>#1103</a><samp data-depth=1 class=sf-dump-expanded>
  #<span class=sf-dump-protected title=\"Protected property\">bags</span>: []
</samp>}
</pre><script>Sfdump(\"sf-dump-2095557362\", {\"maxDepth\":3,\"maxStringLength\":160})</script>
","componentName":"<pre class=sf-dump id=sf-dump-777523866 data-indent-pad=\"  \">\"<span class=sf-dump-str title=\"12 characters\">guest-layout</span>\"
</pre><script>Sfdump(\"sf-dump-777523866\", {\"maxDepth\":3,\"maxStringLength\":160})</script>
","attributes":"<pre class=sf-dump id=sf-dump-1711040243 data-indent-pad=\"  \"><span class=sf-dump-note>Illuminate\\View\\ComponentAttributeBag</span> {<a class=sf-dump-ref>#1133</a><samp data-depth=1 class=sf-dump-expanded>
  #<span class=sf-dump-protected title=\"Protected property\">attributes</span>: []
</samp>}
</pre><script>Sfdump(\"sf-dump-1711040243\", {\"maxDepth\":3,\"maxStringLength\":160})</script>
","resolve":"<pre class=sf-dump id=sf-dump-1457188332 data-indent-pad=\"  \"><span class=sf-dump-note>App\\View\\Components\\GuestLayout::resolve($data)</span> {<a class=sf-dump-ref>#1143</a><samp data-depth=1 class=sf-dump-expanded>
  <span class=sf-dump-meta>file</span>: \"<span class=sf-dump-str title=\"F:\\xampp\\htdocs\\sardancoCrm\\vendor\\laravel\\framework\\src\\Illuminate\\View\\Component.php
86 characters\"><span class=\"sf-dump-ellipsis sf-dump-ellipsis-path\">F:\\xampp\\htdocs\\sardancoCrm\\vendor</span><span class=\"sf-dump-ellipsis sf-dump-ellipsis-path\">\\laravel\\framework\\</span>src\\Illuminate\\View\\Component.php</span>\"
  <span class=sf-dump-meta>line</span>: \"<span class=sf-dump-str title=\"9 characters\">91 to 106</span>\"
</samp>}
</pre><script>Sfdump(\"sf-dump-1457188332\", {\"maxDepth\":3,\"maxStringLength\":160})</script>
","flushCache":"<pre class=sf-dump id=sf-dump-1350291679 data-indent-pad=\"  \"><span class=sf-dump-note>Illuminate\\View\\InvokableComponentVariable</span> {<a class=sf-dump-ref>#1142</a><samp data-depth=1 class=sf-dump-expanded>
  #<span class=sf-dump-protected title=\"Protected property\">callable</span>: <span class=sf-dump-note>Closure()</span> {<a class=sf-dump-ref>#1138</a><samp data-depth=2 class=sf-dump-compact>
    <span class=sf-dump-meta>class</span>: \"<span class=sf-dump-str title=\"App\\View\\Components\\GuestLayout
31 characters\"><span class=\"sf-dump-ellipsis sf-dump-ellipsis-class\">App\\View\\Components</span><span class=\"sf-dump-ellipsis sf-dump-ellipsis-class\">\\</span>GuestLayout</span>\"
    <span class=sf-dump-meta>this</span>: <span class=sf-dump-note title=\"App\\View\\Components\\GuestLayout
\"><span class=\"sf-dump-ellipsis sf-dump-ellipsis-note\">App\\View\\Components</span><span class=\"sf-dump-ellipsis sf-dump-ellipsis-note\">\\</span>GuestLayout</span> {<a class=sf-dump-ref>#1135</a> &#8230;}
    <span class=sf-dump-meta>use</span>: {<samp data-depth=3 class=sf-dump-compact>
      <span class=sf-dump-meta>$method</span>: \"<span class=sf-dump-str title=\"10 characters\">flushCache</span>\"
    </samp>}
    <span class=sf-dump-meta>file</span>: \"<span class=sf-dump-str title=\"F:\\xampp\\htdocs\\sardancoCrm\\vendor\\laravel\\framework\\src\\Illuminate\\View\\Component.php
86 characters\"><span class=\"sf-dump-ellipsis sf-dump-ellipsis-path\">F:\\xampp\\htdocs\\sardancoCrm\\vendor</span><span class=\"sf-dump-ellipsis sf-dump-ellipsis-path\">\\laravel\\framework\\</span>src\\Illuminate\\View\\Component.php</span>\"
    <span class=sf-dump-meta>line</span>: \"<span class=sf-dump-str title=\"10 characters\">300 to 302</span>\"
  </samp>}
</samp>}
</pre><script>Sfdump(\"sf-dump-1350291679\", {\"maxDepth\":3,\"maxStringLength\":160})</script>
","forgetFactory":"<pre class=sf-dump id=sf-dump-1851625965 data-indent-pad=\"  \"><span class=sf-dump-note>Illuminate\\View\\InvokableComponentVariable</span> {<a class=sf-dump-ref>#1146</a><samp data-depth=1 class=sf-dump-expanded>
  #<span class=sf-dump-protected title=\"Protected property\">callable</span>: <span class=sf-dump-note>Closure()</span> {<a class=sf-dump-ref>#1140</a><samp data-depth=2 class=sf-dump-compact>
    <span class=sf-dump-meta>class</span>: \"<span class=sf-dump-str title=\"App\\View\\Components\\GuestLayout
31 characters\"><span class=\"sf-dump-ellipsis sf-dump-ellipsis-class\">App\\View\\Components</span><span class=\"sf-dump-ellipsis sf-dump-ellipsis-class\">\\</span>GuestLayout</span>\"
    <span class=sf-dump-meta>this</span>: <span class=sf-dump-note title=\"App\\View\\Components\\GuestLayout
\"><span class=\"sf-dump-ellipsis sf-dump-ellipsis-note\">App\\View\\Components</span><span class=\"sf-dump-ellipsis sf-dump-ellipsis-note\">\\</span>GuestLayout</span> {<a class=sf-dump-ref>#1135</a> &#8230;}
    <span class=sf-dump-meta>use</span>: {<samp data-depth=3 class=sf-dump-compact>
      <span class=sf-dump-meta>$method</span>: \"<span class=sf-dump-str title=\"13 characters\">forgetFactory</span>\"
    </samp>}
    <span class=sf-dump-meta>file</span>: \"<span class=sf-dump-str title=\"F:\\xampp\\htdocs\\sardancoCrm\\vendor\\laravel\\framework\\src\\Illuminate\\View\\Component.php
86 characters\"><span class=\"sf-dump-ellipsis sf-dump-ellipsis-path\">F:\\xampp\\htdocs\\sardancoCrm\\vendor</span><span class=\"sf-dump-ellipsis sf-dump-ellipsis-path\">\\laravel\\framework\\</span>src\\Illuminate\\View\\Component.php</span>\"
    <span class=sf-dump-meta>line</span>: \"<span class=sf-dump-str title=\"10 characters\">300 to 302</span>\"
  </samp>}
</samp>}
</pre><script>Sfdump(\"sf-dump-1851625965\", {\"maxDepth\":3,\"maxStringLength\":160})</script>
","forgetComponentsResolver":"<pre class=sf-dump id=sf-dump-1851476661 data-indent-pad=\"  \"><span class=sf-dump-note>Illuminate\\View\\InvokableComponentVariable</span> {<a class=sf-dump-ref>#1137</a><samp data-depth=1 class=sf-dump-expanded>
  #<span class=sf-dump-protected title=\"Protected property\">callable</span>: <span class=sf-dump-note>Closure()</span> {<a class=sf-dump-ref>#1139</a><samp data-depth=2 class=sf-dump-compact>
    <span class=sf-dump-meta>class</span>: \"<span class=sf-dump-str title=\"App\\View\\Components\\GuestLayout
31 characters\"><span class=\"sf-dump-ellipsis sf-dump-ellipsis-class\">App\\View\\Components</span><span class=\"sf-dump-ellipsis sf-dump-ellipsis-class\">\\</span>GuestLayout</span>\"
    <span class=sf-dump-meta>this</span>: <span class=sf-dump-note title=\"App\\View\\Components\\GuestLayout
\"><span class=\"sf-dump-ellipsis sf-dump-ellipsis-note\">App\\View\\Components</span><span class=\"sf-dump-ellipsis sf-dump-ellipsis-note\">\\</span>GuestLayout</span> {<a class=sf-dump-ref>#1135</a> &#8230;}
    <span class=sf-dump-meta>use</span>: {<samp data-depth=3 class=sf-dump-compact>
      <span class=sf-dump-meta>$method</span>: \"<span class=sf-dump-str title=\"24 characters\">forgetComponentsResolver</span>\"
    </samp>}
    <span class=sf-dump-meta>file</span>: \"<span class=sf-dump-str title=\"F:\\xampp\\htdocs\\sardancoCrm\\vendor\\laravel\\framework\\src\\Illuminate\\View\\Component.php
86 characters\"><span class=\"sf-dump-ellipsis sf-dump-ellipsis-path\">F:\\xampp\\htdocs\\sardancoCrm\\vendor</span><span class=\"sf-dump-ellipsis sf-dump-ellipsis-path\">\\laravel\\framework\\</span>src\\Illuminate\\View\\Component.php</span>\"
    <span class=sf-dump-meta>line</span>: \"<span class=sf-dump-str title=\"10 characters\">300 to 302</span>\"
  </samp>}
</samp>}
</pre><script>Sfdump(\"sf-dump-1851476661\", {\"maxDepth\":3,\"maxStringLength\":160})</script>
","resolveComponentsUsing":"<pre class=sf-dump id=sf-dump-1654036777 data-indent-pad=\"  \"><span class=sf-dump-note>App\\View\\Components\\GuestLayout::resolveComponentsUsing($resolver)</span> {<a class=sf-dump-ref>#1132</a><samp data-depth=1 class=sf-dump-expanded>
  <span class=sf-dump-meta>file</span>: \"<span class=sf-dump-str title=\"F:\\xampp\\htdocs\\sardancoCrm\\vendor\\laravel\\framework\\src\\Illuminate\\View\\Component.php
86 characters\"><span class=\"sf-dump-ellipsis sf-dump-ellipsis-path\">F:\\xampp\\htdocs\\sardancoCrm\\vendor</span><span class=\"sf-dump-ellipsis sf-dump-ellipsis-path\">\\laravel\\framework\\</span>src\\Illuminate\\View\\Component.php</span>\"
  <span class=sf-dump-meta>line</span>: \"<span class=sf-dump-str title=\"10 characters\">454 to 457</span>\"
</samp>}
</pre><script>Sfdump(\"sf-dump-1654036777\", {\"maxDepth\":3,\"maxStringLength\":160})</script>
","slot":"<pre class=sf-dump id=sf-dump-638634948 data-indent-pad=\"  \"><span class=sf-dump-note>Illuminate\\Support\\HtmlString</span> {<a class=sf-dump-ref>#1157</a><samp data-depth=1 class=sf-dump-expanded>
  #<span class=sf-dump-protected title=\"Protected property\">html</span>: \"\"\"
    <span class=sf-dump-str title=\"2162 characters\">&lt;!-- Session Status --&gt;<span class=\"sf-dump-default sf-dump-ns\">\\n</span></span>
    <span class=sf-dump-str title=\"2162 characters\">    <span class=\"sf-dump-default sf-dump-ns\">\\n</span></span>
    <span class=sf-dump-str title=\"2162 characters\">    &lt;form method=&quot;POST&quot; action=&quot;http://127.0.0.1:8000/login&quot;&gt;<span class=\"sf-dump-default sf-dump-ns\">\\n</span></span>
    <span class=sf-dump-str title=\"2162 characters\">        &lt;input type=&quot;hidden&quot; name=&quot;_token&quot; value=&quot;9pFFc7CTeTTvyMZHLH17D7MY5F4QrOgybx30Fcna&quot;&gt;<span class=\"sf-dump-default sf-dump-ns\">\\n</span></span>
    <span class=sf-dump-str title=\"2162 characters\">        &lt;!-- Email Address --&gt;<span class=\"sf-dump-default sf-dump-ns\">\\n</span></span>
    <span class=sf-dump-str title=\"2162 characters\">        &lt;div&gt;<span class=\"sf-dump-default sf-dump-ns\">\\n</span></span>
    <span class=sf-dump-str title=\"2162 characters\">            &lt;label class=&quot;block font-medium text-sm text-gray-700&quot; for=&quot;email&quot;&gt;<span class=\"sf-dump-default sf-dump-ns\">\\n</span></span>
    <span class=sf-dump-str title=\"2162 characters\">    Email<span class=\"sf-dump-default sf-dump-ns\">\\n</span></span>
    <span class=sf-dump-str title=\"2162 characters\">&lt;/label&gt;<span class=\"sf-dump-default sf-dump-ns\">\\n</span></span>
    <span class=sf-dump-str title=\"2162 characters\">            &lt;input  class=&quot;border-gray-300 focus:border-indigo-500 focus:ring-indigo-500 rounded-md shadow-sm block mt-1 w-full&quot; id=&quot;email&quot; type=&quot;email&quot; name=&quot;email&quot; required=&quot;required&quot; autofocus=&quot;autofocus&quot; autocomplete=&quot;username&quot;&gt;<span class=\"sf-dump-default sf-dump-ns\">\\n</span></span>
    <span class=sf-dump-str title=\"2162 characters\">                    &lt;/div&gt;<span class=\"sf-dump-default sf-dump-ns\">\\n</span></span>
    <span class=sf-dump-str title=\"2162 characters\"><span class=\"sf-dump-default sf-dump-ns\">\\n</span></span>
    <span class=sf-dump-str title=\"2162 characters\">        &lt;!-- Password --&gt;<span class=\"sf-dump-default sf-dump-ns\">\\n</span></span>
    <span class=sf-dump-str title=\"2162 characters\">        &lt;div class=&quot;mt-4&quot;&gt;<span class=\"sf-dump-default sf-dump-ns\">\\n</span></span>
    <span class=sf-dump-str title=\"2162 characters\">            &lt;label class=&quot;block font-medium text-sm text-gray-700&quot; for=&quot;password&quot;&gt;<span class=\"sf-dump-default sf-dump-ns\">\\n</span></span>
    <span class=sf-dump-str title=\"2162 characters\">    Password<span class=\"sf-dump-default sf-dump-ns\">\\n</span></span>
    <span class=sf-dump-str title=\"2162 characters\">&lt;/label&gt;<span class=\"sf-dump-default sf-dump-ns\">\\n</span></span>
    <span class=sf-dump-str title=\"2162 characters\"><span class=\"sf-dump-default sf-dump-ns\">\\n</span></span>
    <span class=sf-dump-str title=\"2162 characters\">            &lt;input  class=&quot;border-gray-300 focus:border-indigo-500 focus:ring-indigo-500 rounded-md shadow-sm block mt-1 w-full&quot; id=&quot;password&quot; type=&quot;password&quot; name=&quot;password&quot; required=&quot;required&quot; autocomplete=&quot;current-password&quot;&gt;<span class=\"sf-dump-default sf-dump-ns\">\\n</span></span>
    <span class=sf-dump-str title=\"2162 characters\"><span class=\"sf-dump-default sf-dump-ns\">\\n</span></span>
    <span class=sf-dump-str title=\"2162 characters\">                    &lt;/div&gt;<span class=\"sf-dump-default sf-dump-ns\">\\n</span></span>
    <span class=sf-dump-str title=\"2162 characters\"><span class=\"sf-dump-default sf-dump-ns\">\\n</span></span>
    <span class=sf-dump-str title=\"2162 characters\">        &lt;!-- Remember Me --&gt;<span class=\"sf-dump-default sf-dump-ns\">\\n</span></span>
    <span class=sf-dump-str title=\"2162 characters\">        &lt;div class=&quot;block mt-4&quot;&gt;<span class=\"sf-dump-default sf-dump-ns\">\\n</span></span>
    <span class=sf-dump-str title=\"2162 characters\">            &lt;label for=&quot;remember_me&quot; class=&quot;inline-flex items-center&quot;&gt;<span class=\"sf-dump-default sf-dump-ns\">\\n</span></span>
    <span class=sf-dump-str title=\"2162 characters\">                &lt;input id=&quot;remember_me&quot; type=&quot;checkbox&quot; class=&quot;rounded border-gray-300 text-indigo-600 shadow-sm focus:ring-indigo-500&quot; name=&quot;remember&quot;&gt;<span class=\"sf-dump-default sf-dump-ns\">\\n</span></span>
    <span class=sf-dump-str title=\"2162 characters\">                &lt;span class=&quot;ml-2 text-sm text-gray-600&quot;&gt;Remember me&lt;/span&gt;<span class=\"sf-dump-default sf-dump-ns\">\\n</span></span>
    <span class=sf-dump-str title=\"2162 characters\">            &lt;/label&gt;<span class=\"sf-dump-default sf-dump-ns\">\\n</span></span>
    <span class=sf-dump-str title=\"2162 characters\">        &lt;/div&gt;<span class=\"sf-dump-default sf-dump-ns\">\\n</span></span>
    <span class=sf-dump-str title=\"2162 characters\"><span class=\"sf-dump-default sf-dump-ns\">\\n</span></span>
    <span class=sf-dump-str title=\"2162 characters\">        &lt;div class=&quot;flex items-center justify-end mt-4&quot;&gt;<span class=\"sf-dump-default sf-dump-ns\">\\n</span></span>
    <span class=sf-dump-str title=\"2162 characters\">                            &lt;a class=&quot;underline text-sm text-gray-600 hover:text-gray-900 rounded-md focus:outline-none focus:ring-2 focus:ring-offset-2 focus:ring-indigo-500&quot; href=&quot;http://127.0.0.1:8000/forgot-password&quot;&gt;<span class=\"sf-dump-default sf-dump-ns\">\\n</span></span>
    <span class=sf-dump-str title=\"2162 characters\">                    Forgot your password?<span class=\"sf-dump-default sf-dump-ns\">\\n</span></span>
    <span class=sf-dump-str title=\"2162 characters\">                &lt;/a&gt;<span class=\"sf-dump-default sf-dump-ns\">\\n</span></span>
    <span class=sf-dump-str title=\"2162 characters\">            <span class=\"sf-dump-default sf-dump-ns\">\\n</span></span>
    <span class=sf-dump-str title=\"2162 characters\">            &lt;button type=&quot;submit&quot; class=&quot;inline-flex items-center px-4 py-2 bg-gray-800 border border-transparent rounded-md font-semibold text-xs text-white uppercase tracking-widest hover:bg-gray-700 focus:bg-gray-700 active:bg-gray-900 focus:outline-none focus:ring-2 focus:ring-indigo-500 focus:ring-offset-2 transition ease-in-out duration-150 ml-3&quot;&gt;<span class=\"sf-dump-default sf-dump-ns\">\\n</span></span>
    <span class=sf-dump-str title=\"2162 characters\">    Log in<span class=\"sf-dump-default sf-dump-ns\">\\n</span></span>
    <span class=sf-dump-str title=\"2162 characters\">&lt;/button&gt;<span class=\"sf-dump-default sf-dump-ns\">\\n</span></span>
    <span class=sf-dump-str title=\"2162 characters\">        &lt;/div&gt;<span class=\"sf-dump-default sf-dump-ns\">\\n</span></span>
    <span class=sf-dump-str title=\"2162 characters\">    &lt;/form&gt;</span>
    \"\"\"
</samp>}
</pre><script>Sfdump(\"sf-dump-638634948\", {\"maxDepth\":3,\"maxStringLength\":160})</script>
","__laravel_slots":"<pre class=sf-dump id=sf-dump-1844929086 data-indent-pad=\"  \"><span class=sf-dump-note>array:1</span> [<samp data-depth=1 class=sf-dump-expanded>
  \"<span class=sf-dump-key>__default</span>\" => <span class=sf-dump-note title=\"Illuminate\\Support\\HtmlString
\"><span class=\"sf-dump-ellipsis sf-dump-ellipsis-note\">Illuminate\\Support</span><span class=\"sf-dump-ellipsis sf-dump-ellipsis-note\">\\</span>HtmlString</span> {<a class=sf-dump-ref>#1157</a><samp data-depth=2 class=sf-dump-compact>
    #<span class=sf-dump-protected title=\"Protected property\">html</span>: \"\"\"
      <span class=sf-dump-str title=\"2162 characters\">&lt;!-- Session Status --&gt;<span class=\"sf-dump-default sf-dump-ns\">\\n</span></span>
      <span class=sf-dump-str title=\"2162 characters\">    <span class=\"sf-dump-default sf-dump-ns\">\\n</span></span>
      <span class=sf-dump-str title=\"2162 characters\">    &lt;form method=&quot;POST&quot; action=&quot;http://127.0.0.1:8000/login&quot;&gt;<span class=\"sf-dump-default sf-dump-ns\">\\n</span></span>
      <span class=sf-dump-str title=\"2162 characters\">        &lt;input type=&quot;hidden&quot; name=&quot;_token&quot; value=&quot;9pFFc7CTeTTvyMZHLH17D7MY5F4QrOgybx30Fcna&quot;&gt;<span class=\"sf-dump-default sf-dump-ns\">\\n</span></span>
      <span class=sf-dump-str title=\"2162 characters\">        &lt;!-- Email Address --&gt;<span class=\"sf-dump-default sf-dump-ns\">\\n</span></span>
      <span class=sf-dump-str title=\"2162 characters\">        &lt;div&gt;<span class=\"sf-dump-default sf-dump-ns\">\\n</span></span>
      <span class=sf-dump-str title=\"2162 characters\">            &lt;label class=&quot;block font-medium text-sm text-gray-700&quot; for=&quot;email&quot;&gt;<span class=\"sf-dump-default sf-dump-ns\">\\n</span></span>
      <span class=sf-dump-str title=\"2162 characters\">    Email<span class=\"sf-dump-default sf-dump-ns\">\\n</span></span>
      <span class=sf-dump-str title=\"2162 characters\">&lt;/label&gt;<span class=\"sf-dump-default sf-dump-ns\">\\n</span></span>
      <span class=sf-dump-str title=\"2162 characters\">            &lt;input  class=&quot;border-gray-300 focus:border-indigo-500 focus:ring-indigo-500 rounded-md shadow-sm block mt-1 w-full&quot; id=&quot;email&quot; type=&quot;email&quot; name=&quot;email&quot; required=&quot;required&quot; autofocus=&quot;autofocus&quot; autocomplete=&quot;username&quot;&gt;<span class=\"sf-dump-default sf-dump-ns\">\\n</span></span>
      <span class=sf-dump-str title=\"2162 characters\">                    &lt;/div&gt;<span class=\"sf-dump-default sf-dump-ns\">\\n</span></span>
      <span class=sf-dump-str title=\"2162 characters\"><span class=\"sf-dump-default sf-dump-ns\">\\n</span></span>
      <span class=sf-dump-str title=\"2162 characters\">        &lt;!-- Password --&gt;<span class=\"sf-dump-default sf-dump-ns\">\\n</span></span>
      <span class=sf-dump-str title=\"2162 characters\">        &lt;div class=&quot;mt-4&quot;&gt;<span class=\"sf-dump-default sf-dump-ns\">\\n</span></span>
      <span class=sf-dump-str title=\"2162 characters\">            &lt;label class=&quot;block font-medium text-sm text-gray-700&quot; for=&quot;password&quot;&gt;<span class=\"sf-dump-default sf-dump-ns\">\\n</span></span>
      <span class=sf-dump-str title=\"2162 characters\">    Password<span class=\"sf-dump-default sf-dump-ns\">\\n</span></span>
      <span class=sf-dump-str title=\"2162 characters\">&lt;/label&gt;<span class=\"sf-dump-default sf-dump-ns\">\\n</span></span>
      <span class=sf-dump-str title=\"2162 characters\"><span class=\"sf-dump-default sf-dump-ns\">\\n</span></span>
      <span class=sf-dump-str title=\"2162 characters\">            &lt;input  class=&quot;border-gray-300 focus:border-indigo-500 focus:ring-indigo-500 rounded-md shadow-sm block mt-1 w-full&quot; id=&quot;password&quot; type=&quot;password&quot; name=&quot;password&quot; required=&quot;required&quot; autocomplete=&quot;current-password&quot;&gt;<span class=\"sf-dump-default sf-dump-ns\">\\n</span></span>
      <span class=sf-dump-str title=\"2162 characters\"><span class=\"sf-dump-default sf-dump-ns\">\\n</span></span>
      <span class=sf-dump-str title=\"2162 characters\">                    &lt;/div&gt;<span class=\"sf-dump-default sf-dump-ns\">\\n</span></span>
      <span class=sf-dump-str title=\"2162 characters\"><span class=\"sf-dump-default sf-dump-ns\">\\n</span></span>
      <span class=sf-dump-str title=\"2162 characters\">        &lt;!-- Remember Me --&gt;<span class=\"sf-dump-default sf-dump-ns\">\\n</span></span>
      <span class=sf-dump-str title=\"2162 characters\">        &lt;div class=&quot;block mt-4&quot;&gt;<span class=\"sf-dump-default sf-dump-ns\">\\n</span></span>
      <span class=sf-dump-str title=\"2162 characters\">            &lt;label for=&quot;remember_me&quot; class=&quot;inline-flex items-center&quot;&gt;<span class=\"sf-dump-default sf-dump-ns\">\\n</span></span>
      <span class=sf-dump-str title=\"2162 characters\">                &lt;input id=&quot;remember_me&quot; type=&quot;checkbox&quot; class=&quot;rounded border-gray-300 text-indigo-600 shadow-sm focus:ring-indigo-500&quot; name=&quot;remember&quot;&gt;<span class=\"sf-dump-default sf-dump-ns\">\\n</span></span>
      <span class=sf-dump-str title=\"2162 characters\">                &lt;span class=&quot;ml-2 text-sm text-gray-600&quot;&gt;Remember me&lt;/span&gt;<span class=\"sf-dump-default sf-dump-ns\">\\n</span></span>
      <span class=sf-dump-str title=\"2162 characters\">            &lt;/label&gt;<span class=\"sf-dump-default sf-dump-ns\">\\n</span></span>
      <span class=sf-dump-str title=\"2162 characters\">        &lt;/div&gt;<span class=\"sf-dump-default sf-dump-ns\">\\n</span></span>
      <span class=sf-dump-str title=\"2162 characters\"><span class=\"sf-dump-default sf-dump-ns\">\\n</span></span>
      <span class=sf-dump-str title=\"2162 characters\">        &lt;div class=&quot;flex items-center justify-end mt-4&quot;&gt;<span class=\"sf-dump-default sf-dump-ns\">\\n</span></span>
      <span class=sf-dump-str title=\"2162 characters\">                            &lt;a class=&quot;underline text-sm text-gray-600 hover:text-gray-900 rounded-md focus:outline-none focus:ring-2 focus:ring-offset-2 focus:ring-indigo-500&quot; href=&quot;http://127.0.0.1:8000/forgot-password&quot;&gt;<span class=\"sf-dump-default sf-dump-ns\">\\n</span></span>
      <span class=sf-dump-str title=\"2162 characters\">                    Forgot your password?<span class=\"sf-dump-default sf-dump-ns\">\\n</span></span>
      <span class=sf-dump-str title=\"2162 characters\">                &lt;/a&gt;<span class=\"sf-dump-default sf-dump-ns\">\\n</span></span>
      <span class=sf-dump-str title=\"2162 characters\">            <span class=\"sf-dump-default sf-dump-ns\">\\n</span></span>
      <span class=sf-dump-str title=\"2162 characters\">            &lt;button type=&quot;submit&quot; class=&quot;inline-flex items-center px-4 py-2 bg-gray-800 border border-transparent rounded-md font-semibold text-xs text-white uppercase tracking-widest hover:bg-gray-700 focus:bg-gray-700 active:bg-gray-900 focus:outline-none focus:ring-2 focus:ring-indigo-500 focus:ring-offset-2 transition ease-in-out duration-150 ml-3&quot;&gt;<span class=\"sf-dump-default sf-dump-ns\">\\n</span></span>
      <span class=sf-dump-str title=\"2162 characters\">    Log in<span class=\"sf-dump-default sf-dump-ns\">\\n</span></span>
      <span class=sf-dump-str title=\"2162 characters\">&lt;/button&gt;<span class=\"sf-dump-default sf-dump-ns\">\\n</span></span>
      <span class=sf-dump-str title=\"2162 characters\">        &lt;/div&gt;<span class=\"sf-dump-default sf-dump-ns\">\\n</span></span>
      <span class=sf-dump-str title=\"2162 characters\">    &lt;/form&gt;</span>
      \"\"\"
  </samp>}
</samp>]
</pre><script>Sfdump(\"sf-dump-1844929086\", {\"maxDepth\":3,\"maxStringLength\":160})</script>
"}},"exception":"[object] (Spatie\\LaravelIgnition\\Exceptions\\ViewException(code: 0): Vite manifest not found at: F:\\xampp\\htdocs\\sardancoCrm\\public\\build/manifest.json at F:\\xampp\\htdocs\\sardancoCrm\\vendor\\laravel\\framework\\src\\Illuminate\\Foundation\\Vite.php:684)
[stacktrace]
#0 F:\\xampp\\htdocs\\sardancoCrm\\vendor\\laravel\\framework\\src\\Illuminate\\Foundation\\Vite.php(273): Illuminate\\Foundation\\Vite->manifest('build')
#1 F:\\xampp\\htdocs\\sardancoCrm\\resources\\views\\layouts\\guest.blade.php(15): Illuminate\\Foundation\\Vite->__invoke(Object(Illuminate\\Support\\Collection))
#2 F:\\xampp\\htdocs\\sardancoCrm\\vendor\\laravel\\framework\\src\\Illuminate\\Filesystem\\Filesystem.php(109): require('F:\\\\xampp\\\\htdocs...')
#3 F:\\xampp\\htdocs\\sardancoCrm\\vendor\\laravel\\framework\\src\\Illuminate\\Filesystem\\Filesystem.php(110): Illuminate\\Filesystem\\Filesystem::Illuminate\\Filesystem\\{closure}()
#4 F:\\xampp\\htdocs\\sardancoCrm\\vendor\\laravel\\framework\\src\\Illuminate\\View\\Engines\\PhpEngine.php(58): Illuminate\\Filesystem\\Filesystem->getRequire('F:\\\\xampp\\\\htdocs...', Array)
#5 F:\\xampp\\htdocs\\sardancoCrm\\vendor\\laravel\\framework\\src\\Illuminate\\View\\Engines\\CompilerEngine.php(70): Illuminate\\View\\Engines\\PhpEngine->evaluatePath('F:\\\\xampp\\\\htdocs...', Array)
#6 F:\\xampp\\htdocs\\sardancoCrm\\vendor\\laravel\\framework\\src\\Illuminate\\View\\View.php(195): Illuminate\\View\\Engines\\CompilerEngine->get('F:\\\\xampp\\\\htdocs...', Array)
#7 F:\\xampp\\htdocs\\sardancoCrm\\vendor\\laravel\\framework\\src\\Illuminate\\View\\View.php(178): Illuminate\\View\\View->getContents()
#8 F:\\xampp\\htdocs\\sardancoCrm\\vendor\\laravel\\framework\\src\\Illuminate\\View\\View.php(147): Illuminate\\View\\View->renderContents()
#9 F:\\xampp\\htdocs\\sardancoCrm\\vendor\\laravel\\framework\\src\\Illuminate\\View\\Concerns\\ManagesComponents.php(100): Illuminate\\View\\View->render()
#10 F:\\xampp\\htdocs\\sardancoCrm\\resources\\views\\auth\\login.blade.php(43): Illuminate\\View\\Factory->renderComponent()
#11 F:\\xampp\\htdocs\\sardancoCrm\\vendor\\laravel\\framework\\src\\Illuminate\\Filesystem\\Filesystem.php(109): require('F:\\\\xampp\\\\htdocs...')
#12 F:\\xampp\\htdocs\\sardancoCrm\\vendor\\laravel\\framework\\src\\Illuminate\\Filesystem\\Filesystem.php(110): Illuminate\\Filesystem\\Filesystem::Illuminate\\Filesystem\\{closure}()
#13 F:\\xampp\\htdocs\\sardancoCrm\\vendor\\laravel\\framework\\src\\Illuminate\\View\\Engines\\PhpEngine.php(58): Illuminate\\Filesystem\\Filesystem->getRequire('F:\\\\xampp\\\\htdocs...', Array)
#14 F:\\xampp\\htdocs\\sardancoCrm\\vendor\\laravel\\framework\\src\\Illuminate\\View\\Engines\\CompilerEngine.php(70): Illuminate\\View\\Engines\\PhpEngine->evaluatePath('F:\\\\xampp\\\\htdocs...', Array)
#15 F:\\xampp\\htdocs\\sardancoCrm\\vendor\\laravel\\framework\\src\\Illuminate\\View\\View.php(195): Illuminate\\View\\Engines\\CompilerEngine->get('F:\\\\xampp\\\\htdocs...', Array)
#16 F:\\xampp\\htdocs\\sardancoCrm\\vendor\\laravel\\framework\\src\\Illuminate\\View\\View.php(178): Illuminate\\View\\View->getContents()
#17 F:\\xampp\\htdocs\\sardancoCrm\\vendor\\laravel\\framework\\src\\Illuminate\\View\\View.php(147): Illuminate\\View\\View->renderContents()
#18 F:\\xampp\\htdocs\\sardancoCrm\\vendor\\laravel\\framework\\src\\Illuminate\\Http\\Response.php(69): Illuminate\\View\\View->render()
#19 F:\\xampp\\htdocs\\sardancoCrm\\vendor\\laravel\\framework\\src\\Illuminate\\Http\\Response.php(35): Illuminate\\Http\\Response->setContent(Object(Illuminate\\View\\View))
#20 F:\\xampp\\htdocs\\sardancoCrm\\vendor\\laravel\\framework\\src\\Illuminate\\Routing\\Router.php(906): Illuminate\\Http\\Response->__construct(Object(Illuminate\\View\\View), 200, Array)
#21 F:\\xampp\\htdocs\\sardancoCrm\\vendor\\laravel\\framework\\src\\Illuminate\\Routing\\Router.php(875): Illuminate\\Routing\\Router::toResponse(Object(Illuminate\\Http\\Request), Object(Illuminate\\View\\View))
#22 F:\\xampp\\htdocs\\sardancoCrm\\vendor\\laravel\\framework\\src\\Illuminate\\Routing\\Router.php(797): Illuminate\\Routing\\Router->prepareResponse(Object(Illuminate\\Http\\Request), Object(Illuminate\\View\\View))
#23 F:\\xampp\\htdocs\\sardancoCrm\\vendor\\laravel\\framework\\src\\Illuminate\\Pipeline\\Pipeline.php(141): Illuminate\\Routing\\Router->Illuminate\\Routing\\{closure}(Object(Illuminate\\Http\\Request))
#24 F:\\xampp\\htdocs\\sardancoCrm\\app\\Http\\Middleware\\RedirectIfAuthenticated.php(36): Illuminate\\Pipeline\\Pipeline->Illuminate\\Pipeline\\{closure}(Object(Illuminate\\Http\\Request))
#25 F:\\xampp\\htdocs\\sardancoCrm\\vendor\\laravel\\framework\\src\\Illuminate\\Pipeline\\Pipeline.php(180): App\\Http\\Middleware\\RedirectIfAuthenticated->handle(Object(Illuminate\\Http\\Request), Object(Closure))
#26 F:\\xampp\\htdocs\\sardancoCrm\\vendor\\laravel\\framework\\src\\Illuminate\\Routing\\Middleware\\SubstituteBindings.php(50): Illuminate\\Pipeline\\Pipeline->Illuminate\\Pipeline\\{closure}(Object(Illuminate\\Http\\Request))
#27 F:\\xampp\\htdocs\\sardancoCrm\\vendor\\laravel\\framework\\src\\Illuminate\\Pipeline\\Pipeline.php(180): Illuminate\\Routing\\Middleware\\SubstituteBindings->handle(Object(Illuminate\\Http\\Request), Object(Closure))
#28 F:\\xampp\\htdocs\\sardancoCrm\\vendor\\laravel\\framework\\src\\Illuminate\\Foundation\\Http\\Middleware\\VerifyCsrfToken.php(78): Illuminate\\Pipeline\\Pipeline->Illuminate\\Pipeline\\{closure}(Object(Illuminate\\Http\\Request))
#29 F:\\xampp\\htdocs\\sardancoCrm\\vendor\\laravel\\framework\\src\\Illuminate\\Pipeline\\Pipeline.php(180): Illuminate\\Foundation\\Http\\Middleware\\VerifyCsrfToken->handle(Object(Illuminate\\Http\\Request), Object(Closure))
#30 F:\\xampp\\htdocs\\sardancoCrm\\vendor\\laravel\\framework\\src\\Illuminate\\View\\Middleware\\ShareErrorsFromSession.php(49): Illuminate\\Pipeline\\Pipeline->Illuminate\\Pipeline\\{closure}(Object(Illuminate\\Http\\Request))
#31 F:\\xampp\\htdocs\\sardancoCrm\\vendor\\laravel\\framework\\src\\Illuminate\\Pipeline\\Pipeline.php(180): Illuminate\\View\\Middleware\\ShareErrorsFromSession->handle(Object(Illuminate\\Http\\Request), Object(Closure))
#32 F:\\xampp\\htdocs\\sardancoCrm\\vendor\\laravel\\framework\\src\\Illuminate\\Session\\Middleware\\StartSession.php(121): Illuminate\\Pipeline\\Pipeline->Illuminate\\Pipeline\\{closure}(Object(Illuminate\\Http\\Request))
#33 F:\\xampp\\htdocs\\sardancoCrm\\vendor\\laravel\\framework\\src\\Illuminate\\Session\\Middleware\\StartSession.php(64): Illuminate\\Session\\Middleware\\StartSession->handleStatefulRequest(Object(Illuminate\\Http\\Request), Object(Illuminate\\Session\\Store), Object(Closure))
#34 F:\\xampp\\htdocs\\sardancoCrm\\vendor\\laravel\\framework\\src\\Illuminate\\Pipeline\\Pipeline.php(180): Illuminate\\Session\\Middleware\\StartSession->handle(Object(Illuminate\\Http\\Request), Object(Closure))
#35 F:\\xampp\\htdocs\\sardancoCrm\\vendor\\laravel\\framework\\src\\Illuminate\\Cookie\\Middleware\\AddQueuedCookiesToResponse.php(37): Illuminate\\Pipeline\\Pipeline->Illuminate\\Pipeline\\{closure}(Object(Illuminate\\Http\\Request))
#36 F:\\xampp\\htdocs\\sardancoCrm\\vendor\\laravel\\framework\\src\\Illuminate\\Pipeline\\Pipeline.php(180): Illuminate\\Cookie\\Middleware\\AddQueuedCookiesToResponse->handle(Object(Illuminate\\Http\\Request), Object(Closure))
#37 F:\\xampp\\htdocs\\sardancoCrm\\vendor\\laravel\\framework\\src\\Illuminate\\Cookie\\Middleware\\EncryptCookies.php(67): Illuminate\\Pipeline\\Pipeline->Illuminate\\Pipeline\\{closure}(Object(Illuminate\\Http\\Request))
#38 F:\\xampp\\htdocs\\sardancoCrm\\vendor\\laravel\\framework\\src\\Illuminate\\Pipeline\\Pipeline.php(180): Illuminate\\Cookie\\Middleware\\EncryptCookies->handle(Object(Illuminate\\Http\\Request), Object(Closure))
#39 F:\\xampp\\htdocs\\sardancoCrm\\vendor\\laravel\\framework\\src\\Illuminate\\Pipeline\\Pipeline.php(116): Illuminate\\Pipeline\\Pipeline->Illuminate\\Pipeline\\{closure}(Object(Illuminate\\Http\\Request))
#40 F:\\xampp\\htdocs\\sardancoCrm\\vendor\\laravel\\framework\\src\\Illuminate\\Routing\\Router.php(797): Illuminate\\Pipeline\\Pipeline->then(Object(Closure))
#41 F:\\xampp\\htdocs\\sardancoCrm\\vendor\\laravel\\framework\\src\\Illuminate\\Routing\\Router.php(776): Illuminate\\Routing\\Router->runRouteWithinStack(Object(Illuminate\\Routing\\Route), Object(Illuminate\\Http\\Request))
#42 F:\\xampp\\htdocs\\sardancoCrm\\vendor\\laravel\\framework\\src\\Illuminate\\Routing\\Router.php(740): Illuminate\\Routing\\Router->runRoute(Object(Illuminate\\Http\\Request), Object(Illuminate\\Routing\\Route))
#43 F:\\xampp\\htdocs\\sardancoCrm\\vendor\\laravel\\framework\\src\\Illuminate\\Routing\\Router.php(729): Illuminate\\Routing\\Router->dispatchToRoute(Object(Illuminate\\Http\\Request))
#44 F:\\xampp\\htdocs\\sardancoCrm\\vendor\\laravel\\framework\\src\\Illuminate\\Foundation\\Http\\Kernel.php(190): Illuminate\\Routing\\Router->dispatch(Object(Illuminate\\Http\\Request))
#45 F:\\xampp\\htdocs\\sardancoCrm\\vendor\\laravel\\framework\\src\\Illuminate\\Pipeline\\Pipeline.php(141): Illuminate\\Foundation\\Http\\Kernel->Illuminate\\Foundation\\Http\\{closure}(Object(Illuminate\\Http\\Request))
#46 F:\\xampp\\htdocs\\sardancoCrm\\vendor\\laravel\\framework\\src\\Illuminate\\Foundation\\Http\\Middleware\\TransformsRequest.php(21): Illuminate\\Pipeline\\Pipeline->Illuminate\\Pipeline\\{closure}(Object(Illuminate\\Http\\Request))
#47 F:\\xampp\\htdocs\\sardancoCrm\\vendor\\laravel\\framework\\src\\Illuminate\\Foundation\\Http\\Middleware\\ConvertEmptyStringsToNull.php(31): Illuminate\\Foundation\\Http\\Middleware\\TransformsRequest->handle(Object(Illuminate\\Http\\Request), Object(Closure))
#48 F:\\xampp\\htdocs\\sardancoCrm\\vendor\\laravel\\framework\\src\\Illuminate\\Pipeline\\Pipeline.php(180): Illuminate\\Foundation\\Http\\Middleware\\ConvertEmptyStringsToNull->handle(Object(Illuminate\\Http\\Request), Object(Closure))
#49 F:\\xampp\\htdocs\\sardancoCrm\\vendor\\laravel\\framework\\src\\Illuminate\\Foundation\\Http\\Middleware\\TransformsRequest.php(21): Illuminate\\Pipeline\\Pipeline->Illuminate\\Pipeline\\{closure}(Object(Illuminate\\Http\\Request))
#50 F:\\xampp\\htdocs\\sardancoCrm\\vendor\\laravel\\framework\\src\\Illuminate\\Foundation\\Http\\Middleware\\TrimStrings.php(40): Illuminate\\Foundation\\Http\\Middleware\\TransformsRequest->handle(Object(Illuminate\\Http\\Request), Object(Closure))
#51 F:\\xampp\\htdocs\\sardancoCrm\\vendor\\laravel\\framework\\src\\Illuminate\\Pipeline\\Pipeline.php(180): Illuminate\\Foundation\\Http\\Middleware\\TrimStrings->handle(Object(Illuminate\\Http\\Request), Object(Closure))
#52 F:\\xampp\\htdocs\\sardancoCrm\\vendor\\laravel\\framework\\src\\Illuminate\\Foundation\\Http\\Middleware\\ValidatePostSize.php(27): Illuminate\\Pipeline\\Pipeline->Illuminate\\Pipeline\\{closure}(Object(Illuminate\\Http\\Request))
#53 F:\\xampp\\htdocs\\sardancoCrm\\vendor\\laravel\\framework\\src\\Illuminate\\Pipeline\\Pipeline.php(180): Illuminate\\Foundation\\Http\\Middleware\\ValidatePostSize->handle(Object(Illuminate\\Http\\Request), Object(Closure))
#54 F:\\xampp\\htdocs\\sardancoCrm\\vendor\\laravel\\framework\\src\\Illuminate\\Foundation\\Http\\Middleware\\PreventRequestsDuringMaintenance.php(86): Illuminate\\Pipeline\\Pipeline->Illuminate\\Pipeline\\{closure}(Object(Illuminate\\Http\\Request))
#55 F:\\xampp\\htdocs\\sardancoCrm\\vendor\\laravel\\framework\\src\\Illuminate\\Pipeline\\Pipeline.php(180): Illuminate\\Foundation\\Http\\Middleware\\PreventRequestsDuringMaintenance->handle(Object(Illuminate\\Http\\Request), Object(Closure))
#56 F:\\xampp\\htdocs\\sardancoCrm\\vendor\\laravel\\framework\\src\\Illuminate\\Http\\Middleware\\HandleCors.php(49): Illuminate\\Pipeline\\Pipeline->Illuminate\\Pipeline\\{closure}(Object(Illuminate\\Http\\Request))
#57 F:\\xampp\\htdocs\\sardancoCrm\\vendor\\laravel\\framework\\src\\Illuminate\\Pipeline\\Pipeline.php(180): Illuminate\\Http\\Middleware\\HandleCors->handle(Object(Illuminate\\Http\\Request), Object(Closure))
#58 F:\\xampp\\htdocs\\sardancoCrm\\vendor\\laravel\\framework\\src\\Illuminate\\Http\\Middleware\\TrustProxies.php(39): Illuminate\\Pipeline\\Pipeline->Illuminate\\Pipeline\\{closure}(Object(Illuminate\\Http\\Request))
#59 F:\\xampp\\htdocs\\sardancoCrm\\vendor\\laravel\\framework\\src\\Illuminate\\Pipeline\\Pipeline.php(180): Illuminate\\Http\\Middleware\\TrustProxies->handle(Object(Illuminate\\Http\\Request), Object(Closure))
#60 F:\\xampp\\htdocs\\sardancoCrm\\vendor\\laravel\\framework\\src\\Illuminate\\Pipeline\\Pipeline.php(116): Illuminate\\Pipeline\\Pipeline->Illuminate\\Pipeline\\{closure}(Object(Illuminate\\Http\\Request))
#61 F:\\xampp\\htdocs\\sardancoCrm\\vendor\\laravel\\framework\\src\\Illuminate\\Foundation\\Http\\Kernel.php(165): Illuminate\\Pipeline\\Pipeline->then(Object(Closure))
#62 F:\\xampp\\htdocs\\sardancoCrm\\vendor\\laravel\\framework\\src\\Illuminate\\Foundation\\Http\\Kernel.php(134): Illuminate\\Foundation\\Http\\Kernel->sendRequestThroughRouter(Object(Illuminate\\Http\\Request))
#63 F:\\xampp\\htdocs\\sardancoCrm\\public\\index.php(36): Illuminate\\Foundation\\Http\\Kernel->handle(Object(Illuminate\\Http\\Request))
#64 F:\\xampp\\htdocs\\sardancoCrm\\vendor\\laravel\\framework\\src\\Illuminate\\Foundation\\resources\\server.php(16): require_once('F:\\\\xampp\\\\htdocs...')
#65 {main}

[previous exception] [object] (Exception(code: 0): Vite manifest not found at: F:\\xampp\\htdocs\\sardancoCrm\\public\\build/manifest.json at F:\\xampp\\htdocs\\sardancoCrm\\vendor\\laravel\\framework\\src\\Illuminate\\Foundation\\Vite.php:684)
[stacktrace]
#0 F:\\xampp\\htdocs\\sardancoCrm\\vendor\\laravel\\framework\\src\\Illuminate\\Foundation\\Vite.php(273): Illuminate\\Foundation\\Vite->manifest('build')
#1 F:\\xampp\\htdocs\\sardancoCrm\\storage\\framework\\views\\de7780c8c584d3981d09b3dd4ddea06be74cdc7d.php(15): Illuminate\\Foundation\\Vite->__invoke(Object(Illuminate\\Support\\Collection))
#2 F:\\xampp\\htdocs\\sardancoCrm\\vendor\\laravel\\framework\\src\\Illuminate\\Filesystem\\Filesystem.php(109): require('F:\\\\xampp\\\\htdocs...')
#3 F:\\xampp\\htdocs\\sardancoCrm\\vendor\\laravel\\framework\\src\\Illuminate\\Filesystem\\Filesystem.php(110): Illuminate\\Filesystem\\Filesystem::Illuminate\\Filesystem\\{closure}()
#4 F:\\xampp\\htdocs\\sardancoCrm\\vendor\\laravel\\framework\\src\\Illuminate\\View\\Engines\\PhpEngine.php(58): Illuminate\\Filesystem\\Filesystem->getRequire('F:\\\\xampp\\\\htdocs...', Array)
#5 F:\\xampp\\htdocs\\sardancoCrm\\vendor\\laravel\\framework\\src\\Illuminate\\View\\Engines\\CompilerEngine.php(70): Illuminate\\View\\Engines\\PhpEngine->evaluatePath('F:\\\\xampp\\\\htdocs...', Array)
#6 F:\\xampp\\htdocs\\sardancoCrm\\vendor\\laravel\\framework\\src\\Illuminate\\View\\View.php(195): Illuminate\\View\\Engines\\CompilerEngine->get('F:\\\\xampp\\\\htdocs...', Array)
#7 F:\\xampp\\htdocs\\sardancoCrm\\vendor\\laravel\\framework\\src\\Illuminate\\View\\View.php(178): Illuminate\\View\\View->getContents()
#8 F:\\xampp\\htdocs\\sardancoCrm\\vendor\\laravel\\framework\\src\\Illuminate\\View\\View.php(147): Illuminate\\View\\View->renderContents()
#9 F:\\xampp\\htdocs\\sardancoCrm\\vendor\\laravel\\framework\\src\\Illuminate\\View\\Concerns\\ManagesComponents.php(100): Illuminate\\View\\View->render()
#10 F:\\xampp\\htdocs\\sardancoCrm\\storage\\framework\\views\\c50ecb72c390593a0d646a9997678e7916f7d1e8.php(165): Illuminate\\View\\Factory->renderComponent()
#11 F:\\xampp\\htdocs\\sardancoCrm\\vendor\\laravel\\framework\\src\\Illuminate\\Filesystem\\Filesystem.php(109): require('F:\\\\xampp\\\\htdocs...')
#12 F:\\xampp\\htdocs\\sardancoCrm\\vendor\\laravel\\framework\\src\\Illuminate\\Filesystem\\Filesystem.php(110): Illuminate\\Filesystem\\Filesystem::Illuminate\\Filesystem\\{closure}()
#13 F:\\xampp\\htdocs\\sardancoCrm\\vendor\\laravel\\framework\\src\\Illuminate\\View\\Engines\\PhpEngine.php(58): Illuminate\\Filesystem\\Filesystem->getRequire('F:\\\\xampp\\\\htdocs...', Array)
#14 F:\\xampp\\htdocs\\sardancoCrm\\vendor\\laravel\\framework\\src\\Illuminate\\View\\Engines\\CompilerEngine.php(70): Illuminate\\View\\Engines\\PhpEngine->evaluatePath('F:\\\\xampp\\\\htdocs...', Array)
#15 F:\\xampp\\htdocs\\sardancoCrm\\vendor\\laravel\\framework\\src\\Illuminate\\View\\View.php(195): Illuminate\\View\\Engines\\CompilerEngine->get('F:\\\\xampp\\\\htdocs...', Array)
#16 F:\\xampp\\htdocs\\sardancoCrm\\vendor\\laravel\\framework\\src\\Illuminate\\View\\View.php(178): Illuminate\\View\\View->getContents()
#17 F:\\xampp\\htdocs\\sardancoCrm\\vendor\\laravel\\framework\\src\\Illuminate\\View\\View.php(147): Illuminate\\View\\View->renderContents()
#18 F:\\xampp\\htdocs\\sardancoCrm\\vendor\\laravel\\framework\\src\\Illuminate\\Http\\Response.php(69): Illuminate\\View\\View->render()
#19 F:\\xampp\\htdocs\\sardancoCrm\\vendor\\laravel\\framework\\src\\Illuminate\\Http\\Response.php(35): Illuminate\\Http\\Response->setContent(Object(Illuminate\\View\\View))
#20 F:\\xampp\\htdocs\\sardancoCrm\\vendor\\laravel\\framework\\src\\Illuminate\\Routing\\Router.php(906): Illuminate\\Http\\Response->__construct(Object(Illuminate\\View\\View), 200, Array)
#21 F:\\xampp\\htdocs\\sardancoCrm\\vendor\\laravel\\framework\\src\\Illuminate\\Routing\\Router.php(875): Illuminate\\Routing\\Router::toResponse(Object(Illuminate\\Http\\Request), Object(Illuminate\\View\\View))
#22 F:\\xampp\\htdocs\\sardancoCrm\\vendor\\laravel\\framework\\src\\Illuminate\\Routing\\Router.php(797): Illuminate\\Routing\\Router->prepareResponse(Object(Illuminate\\Http\\Request), Object(Illuminate\\View\\View))
#23 F:\\xampp\\htdocs\\sardancoCrm\\vendor\\laravel\\framework\\src\\Illuminate\\Pipeline\\Pipeline.php(141): Illuminate\\Routing\\Router->Illuminate\\Routing\\{closure}(Object(Illuminate\\Http\\Request))
#24 F:\\xampp\\htdocs\\sardancoCrm\\app\\Http\\Middleware\\RedirectIfAuthenticated.php(36): Illuminate\\Pipeline\\Pipeline->Illuminate\\Pipeline\\{closure}(Object(Illuminate\\Http\\Request))
#25 F:\\xampp\\htdocs\\sardancoCrm\\vendor\\laravel\\framework\\src\\Illuminate\\Pipeline\\Pipeline.php(180): App\\Http\\Middleware\\RedirectIfAuthenticated->handle(Object(Illuminate\\Http\\Request), Object(Closure))
#26 F:\\xampp\\htdocs\\sardancoCrm\\vendor\\laravel\\framework\\src\\Illuminate\\Routing\\Middleware\\SubstituteBindings.php(50): Illuminate\\Pipeline\\Pipeline->Illuminate\\Pipeline\\{closure}(Object(Illuminate\\Http\\Request))
#27 F:\\xampp\\htdocs\\sardancoCrm\\vendor\\laravel\\framework\\src\\Illuminate\\Pipeline\\Pipeline.php(180): Illuminate\\Routing\\Middleware\\SubstituteBindings->handle(Object(Illuminate\\Http\\Request), Object(Closure))
#28 F:\\xampp\\htdocs\\sardancoCrm\\vendor\\laravel\\framework\\src\\Illuminate\\Foundation\\Http\\Middleware\\VerifyCsrfToken.php(78): Illuminate\\Pipeline\\Pipeline->Illuminate\\Pipeline\\{closure}(Object(Illuminate\\Http\\Request))
#29 F:\\xampp\\htdocs\\sardancoCrm\\vendor\\laravel\\framework\\src\\Illuminate\\Pipeline\\Pipeline.php(180): Illuminate\\Foundation\\Http\\Middleware\\VerifyCsrfToken->handle(Object(Illuminate\\Http\\Request), Object(Closure))
#30 F:\\xampp\\htdocs\\sardancoCrm\\vendor\\laravel\\framework\\src\\Illuminate\\View\\Middleware\\ShareErrorsFromSession.php(49): Illuminate\\Pipeline\\Pipeline->Illuminate\\Pipeline\\{closure}(Object(Illuminate\\Http\\Request))
#31 F:\\xampp\\htdocs\\sardancoCrm\\vendor\\laravel\\framework\\src\\Illuminate\\Pipeline\\Pipeline.php(180): Illuminate\\View\\Middleware\\ShareErrorsFromSession->handle(Object(Illuminate\\Http\\Request), Object(Closure))
#32 F:\\xampp\\htdocs\\sardancoCrm\\vendor\\laravel\\framework\\src\\Illuminate\\Session\\Middleware\\StartSession.php(121): Illuminate\\Pipeline\\Pipeline->Illuminate\\Pipeline\\{closure}(Object(Illuminate\\Http\\Request))
#33 F:\\xampp\\htdocs\\sardancoCrm\\vendor\\laravel\\framework\\src\\Illuminate\\Session\\Middleware\\StartSession.php(64): Illuminate\\Session\\Middleware\\StartSession->handleStatefulRequest(Object(Illuminate\\Http\\Request), Object(Illuminate\\Session\\Store), Object(Closure))
#34 F:\\xampp\\htdocs\\sardancoCrm\\vendor\\laravel\\framework\\src\\Illuminate\\Pipeline\\Pipeline.php(180): Illuminate\\Session\\Middleware\\StartSession->handle(Object(Illuminate\\Http\\Request), Object(Closure))
#35 F:\\xampp\\htdocs\\sardancoCrm\\vendor\\laravel\\framework\\src\\Illuminate\\Cookie\\Middleware\\AddQueuedCookiesToResponse.php(37): Illuminate\\Pipeline\\Pipeline->Illuminate\\Pipeline\\{closure}(Object(Illuminate\\Http\\Request))
#36 F:\\xampp\\htdocs\\sardancoCrm\\vendor\\laravel\\framework\\src\\Illuminate\\Pipeline\\Pipeline.php(180): Illuminate\\Cookie\\Middleware\\AddQueuedCookiesToResponse->handle(Object(Illuminate\\Http\\Request), Object(Closure))
#37 F:\\xampp\\htdocs\\sardancoCrm\\vendor\\laravel\\framework\\src\\Illuminate\\Cookie\\Middleware\\EncryptCookies.php(67): Illuminate\\Pipeline\\Pipeline->Illuminate\\Pipeline\\{closure}(Object(Illuminate\\Http\\Request))
#38 F:\\xampp\\htdocs\\sardancoCrm\\vendor\\laravel\\framework\\src\\Illuminate\\Pipeline\\Pipeline.php(180): Illuminate\\Cookie\\Middleware\\EncryptCookies->handle(Object(Illuminate\\Http\\Request), Object(Closure))
#39 F:\\xampp\\htdocs\\sardancoCrm\\vendor\\laravel\\framework\\src\\Illuminate\\Pipeline\\Pipeline.php(116): Illuminate\\Pipeline\\Pipeline->Illuminate\\Pipeline\\{closure}(Object(Illuminate\\Http\\Request))
#40 F:\\xampp\\htdocs\\sardancoCrm\\vendor\\laravel\\framework\\src\\Illuminate\\Routing\\Router.php(797): Illuminate\\Pipeline\\Pipeline->then(Object(Closure))
#41 F:\\xampp\\htdocs\\sardancoCrm\\vendor\\laravel\\framework\\src\\Illuminate\\Routing\\Router.php(776): Illuminate\\Routing\\Router->runRouteWithinStack(Object(Illuminate\\Routing\\Route), Object(Illuminate\\Http\\Request))
#42 F:\\xampp\\htdocs\\sardancoCrm\\vendor\\laravel\\framework\\src\\Illuminate\\Routing\\Router.php(740): Illuminate\\Routing\\Router->runRoute(Object(Illuminate\\Http\\Request), Object(Illuminate\\Routing\\Route))
#43 F:\\xampp\\htdocs\\sardancoCrm\\vendor\\laravel\\framework\\src\\Illuminate\\Routing\\Router.php(729): Illuminate\\Routing\\Router->dispatchToRoute(Object(Illuminate\\Http\\Request))
#44 F:\\xampp\\htdocs\\sardancoCrm\\vendor\\laravel\\framework\\src\\Illuminate\\Foundation\\Http\\Kernel.php(190): Illuminate\\Routing\\Router->dispatch(Object(Illuminate\\Http\\Request))
#45 F:\\xampp\\htdocs\\sardancoCrm\\vendor\\laravel\\framework\\src\\Illuminate\\Pipeline\\Pipeline.php(141): Illuminate\\Foundation\\Http\\Kernel->Illuminate\\Foundation\\Http\\{closure}(Object(Illuminate\\Http\\Request))
#46 F:\\xampp\\htdocs\\sardancoCrm\\vendor\\laravel\\framework\\src\\Illuminate\\Foundation\\Http\\Middleware\\TransformsRequest.php(21): Illuminate\\Pipeline\\Pipeline->Illuminate\\Pipeline\\{closure}(Object(Illuminate\\Http\\Request))
#47 F:\\xampp\\htdocs\\sardancoCrm\\vendor\\laravel\\framework\\src\\Illuminate\\Foundation\\Http\\Middleware\\ConvertEmptyStringsToNull.php(31): Illuminate\\Foundation\\Http\\Middleware\\TransformsRequest->handle(Object(Illuminate\\Http\\Request), Object(Closure))
#48 F:\\xampp\\htdocs\\sardancoCrm\\vendor\\laravel\\framework\\src\\Illuminate\\Pipeline\\Pipeline.php(180): Illuminate\\Foundation\\Http\\Middleware\\ConvertEmptyStringsToNull->handle(Object(Illuminate\\Http\\Request), Object(Closure))
#49 F:\\xampp\\htdocs\\sardancoCrm\\vendor\\laravel\\framework\\src\\Illuminate\\Foundation\\Http\\Middleware\\TransformsRequest.php(21): Illuminate\\Pipeline\\Pipeline->Illuminate\\Pipeline\\{closure}(Object(Illuminate\\Http\\Request))
#50 F:\\xampp\\htdocs\\sardancoCrm\\vendor\\laravel\\framework\\src\\Illuminate\\Foundation\\Http\\Middleware\\TrimStrings.php(40): Illuminate\\Foundation\\Http\\Middleware\\TransformsRequest->handle(Object(Illuminate\\Http\\Request), Object(Closure))
#51 F:\\xampp\\htdocs\\sardancoCrm\\vendor\\laravel\\framework\\src\\Illuminate\\Pipeline\\Pipeline.php(180): Illuminate\\Foundation\\Http\\Middleware\\TrimStrings->handle(Object(Illuminate\\Http\\Request), Object(Closure))
#52 F:\\xampp\\htdocs\\sardancoCrm\\vendor\\laravel\\framework\\src\\Illuminate\\Foundation\\Http\\Middleware\\ValidatePostSize.php(27): Illuminate\\Pipeline\\Pipeline->Illuminate\\Pipeline\\{closure}(Object(Illuminate\\Http\\Request))
#53 F:\\xampp\\htdocs\\sardancoCrm\\vendor\\laravel\\framework\\src\\Illuminate\\Pipeline\\Pipeline.php(180): Illuminate\\Foundation\\Http\\Middleware\\ValidatePostSize->handle(Object(Illuminate\\Http\\Request), Object(Closure))
#54 F:\\xampp\\htdocs\\sardancoCrm\\vendor\\laravel\\framework\\src\\Illuminate\\Foundation\\Http\\Middleware\\PreventRequestsDuringMaintenance.php(86): Illuminate\\Pipeline\\Pipeline->Illuminate\\Pipeline\\{closure}(Object(Illuminate\\Http\\Request))
#55 F:\\xampp\\htdocs\\sardancoCrm\\vendor\\laravel\\framework\\src\\Illuminate\\Pipeline\\Pipeline.php(180): Illuminate\\Foundation\\Http\\Middleware\\PreventRequestsDuringMaintenance->handle(Object(Illuminate\\Http\\Request), Object(Closure))
#56 F:\\xampp\\htdocs\\sardancoCrm\\vendor\\laravel\\framework\\src\\Illuminate\\Http\\Middleware\\HandleCors.php(49): Illuminate\\Pipeline\\Pipeline->Illuminate\\Pipeline\\{closure}(Object(Illuminate\\Http\\Request))
#57 F:\\xampp\\htdocs\\sardancoCrm\\vendor\\laravel\\framework\\src\\Illuminate\\Pipeline\\Pipeline.php(180): Illuminate\\Http\\Middleware\\HandleCors->handle(Object(Illuminate\\Http\\Request), Object(Closure))
#58 F:\\xampp\\htdocs\\sardancoCrm\\vendor\\laravel\\framework\\src\\Illuminate\\Http\\Middleware\\TrustProxies.php(39): Illuminate\\Pipeline\\Pipeline->Illuminate\\Pipeline\\{closure}(Object(Illuminate\\Http\\Request))
#59 F:\\xampp\\htdocs\\sardancoCrm\\vendor\\laravel\\framework\\src\\Illuminate\\Pipeline\\Pipeline.php(180): Illuminate\\Http\\Middleware\\TrustProxies->handle(Object(Illuminate\\Http\\Request), Object(Closure))
#60 F:\\xampp\\htdocs\\sardancoCrm\\vendor\\laravel\\framework\\src\\Illuminate\\Pipeline\\Pipeline.php(116): Illuminate\\Pipeline\\Pipeline->Illuminate\\Pipeline\\{closure}(Object(Illuminate\\Http\\Request))
#61 F:\\xampp\\htdocs\\sardancoCrm\\vendor\\laravel\\framework\\src\\Illuminate\\Foundation\\Http\\Kernel.php(165): Illuminate\\Pipeline\\Pipeline->then(Object(Closure))
#62 F:\\xampp\\htdocs\\sardancoCrm\\vendor\\laravel\\framework\\src\\Illuminate\\Foundation\\Http\\Kernel.php(134): Illuminate\\Foundation\\Http\\Kernel->sendRequestThroughRouter(Object(Illuminate\\Http\\Request))
#63 F:\\xampp\\htdocs\\sardancoCrm\\public\\index.php(36): Illuminate\\Foundation\\Http\\Kernel->handle(Object(Illuminate\\Http\\Request))
#64 F:\\xampp\\htdocs\\sardancoCrm\\vendor\\laravel\\framework\\src\\Illuminate\\Foundation\\resources\\server.php(16): require_once('F:\\\\xampp\\\\htdocs...')
#65 {main}
"} 
[2026-07-16 14:34:19] local.ERROR: Vite manifest not found at: F:\xampp\htdocs\sardancoCrm\public\build/manifest.json {"view":{"view":"F:\\xampp\\htdocs\\sardancoCrm\\resources\\views\\layouts\\guest.blade.php","data":{"errors":"<pre class=sf-dump id=sf-dump-1687294716 data-indent-pad=\"  \"><span class=sf-dump-note>Illuminate\\Support\\ViewErrorBag</span> {<a class=sf-dump-ref>#1103</a><samp data-depth=1 class=sf-dump-expanded>
  #<span class=sf-dump-protected title=\"Protected property\">bags</span>: []
</samp>}
</pre><script>Sfdump(\"sf-dump-1687294716\", {\"maxDepth\":3,\"maxStringLength\":160})</script>
","componentName":"<pre class=sf-dump id=sf-dump-1111503283 data-indent-pad=\"  \">\"<span class=sf-dump-str title=\"12 characters\">guest-layout</span>\"
</pre><script>Sfdump(\"sf-dump-1111503283\", {\"maxDepth\":3,\"maxStringLength\":160})</script>
","attributes":"<pre class=sf-dump id=sf-dump-994252052 data-indent-pad=\"  \"><span class=sf-dump-note>Illuminate\\View\\ComponentAttributeBag</span> {<a class=sf-dump-ref>#1132</a><samp data-depth=1 class=sf-dump-expanded>
  #<span class=sf-dump-protected title=\"Protected property\">attributes</span>: []
</samp>}
</pre><script>Sfdump(\"sf-dump-994252052\", {\"maxDepth\":3,\"maxStringLength\":160})</script>
","resolve":"<pre class=sf-dump id=sf-dump-412155775 data-indent-pad=\"  \"><span class=sf-dump-note>App\\View\\Components\\GuestLayout::resolve($data)</span> {<a class=sf-dump-ref>#1143</a><samp data-depth=1 class=sf-dump-expanded>
  <span class=sf-dump-meta>file</span>: \"<span class=sf-dump-str title=\"F:\\xampp\\htdocs\\sardancoCrm\\vendor\\laravel\\framework\\src\\Illuminate\\View\\Component.php
86 characters\"><span class=\"sf-dump-ellipsis sf-dump-ellipsis-path\">F:\\xampp\\htdocs\\sardancoCrm\\vendor</span><span class=\"sf-dump-ellipsis sf-dump-ellipsis-path\">\\laravel\\framework\\</span>src\\Illuminate\\View\\Component.php</span>\"
  <span class=sf-dump-meta>line</span>: \"<span class=sf-dump-str title=\"9 characters\">91 to 106</span>\"
</samp>}
</pre><script>Sfdump(\"sf-dump-412155775\", {\"maxDepth\":3,\"maxStringLength\":160})</script>
","flushCache":"<pre class=sf-dump id=sf-dump-494515360 data-indent-pad=\"  \"><span class=sf-dump-note>Illuminate\\View\\InvokableComponentVariable</span> {<a class=sf-dump-ref>#1142</a><samp data-depth=1 class=sf-dump-expanded>
  #<span class=sf-dump-protected title=\"Protected property\">callable</span>: <span class=sf-dump-note>Closure()</span> {<a class=sf-dump-ref>#1138</a><samp data-depth=2 class=sf-dump-compact>
    <span class=sf-dump-meta>class</span>: \"<span class=sf-dump-str title=\"App\\View\\Components\\GuestLayout
31 characters\"><span class=\"sf-dump-ellipsis sf-dump-ellipsis-class\">App\\View\\Components</span><span class=\"sf-dump-ellipsis sf-dump-ellipsis-class\">\\</span>GuestLayout</span>\"
    <span class=sf-dump-meta>this</span>: <span class=sf-dump-note title=\"App\\View\\Components\\GuestLayout
\"><span class=\"sf-dump-ellipsis sf-dump-ellipsis-note\">App\\View\\Components</span><span class=\"sf-dump-ellipsis sf-dump-ellipsis-note\">\\</span>GuestLayout</span> {<a class=sf-dump-ref>#1130</a> &#8230;}
    <span class=sf-dump-meta>use</span>: {<samp data-depth=3 class=sf-dump-compact>
      <span class=sf-dump-meta>$method</span>: \"<span class=sf-dump-str title=\"10 characters\">flushCache</span>\"
    </samp>}
    <span class=sf-dump-meta>file</span>: \"<span class=sf-dump-str title=\"F:\\xampp\\htdocs\\sardancoCrm\\vendor\\laravel\\framework\\src\\Illuminate\\View\\Component.php
86 characters\"><span class=\"sf-dump-ellipsis sf-dump-ellipsis-path\">F:\\xampp\\htdocs\\sardancoCrm\\vendor</span><span class=\"sf-dump-ellipsis sf-dump-ellipsis-path\">\\laravel\\framework\\</span>src\\Illuminate\\View\\Component.php</span>\"
    <span class=sf-dump-meta>line</span>: \"<span class=sf-dump-str title=\"10 characters\">300 to 302</span>\"
  </samp>}
</samp>}
</pre><script>Sfdump(\"sf-dump-494515360\", {\"maxDepth\":3,\"maxStringLength\":160})</script>
","forgetFactory":"<pre class=sf-dump id=sf-dump-1740583161 data-indent-pad=\"  \"><span class=sf-dump-note>Illuminate\\View\\InvokableComponentVariable</span> {<a class=sf-dump-ref>#1146</a><samp data-depth=1 class=sf-dump-expanded>
  #<span class=sf-dump-protected title=\"Protected property\">callable</span>: <span class=sf-dump-note>Closure()</span> {<a class=sf-dump-ref>#1140</a><samp data-depth=2 class=sf-dump-compact>
    <span class=sf-dump-meta>class</span>: \"<span class=sf-dump-str title=\"App\\View\\Components\\GuestLayout
31 characters\"><span class=\"sf-dump-ellipsis sf-dump-ellipsis-class\">App\\View\\Components</span><span class=\"sf-dump-ellipsis sf-dump-ellipsis-class\">\\</span>GuestLayout</span>\"
    <span class=sf-dump-meta>this</span>: <span class=sf-dump-note title=\"App\\View\\Components\\GuestLayout
\"><span class=\"sf-dump-ellipsis sf-dump-ellipsis-note\">App\\View\\Components</span><span class=\"sf-dump-ellipsis sf-dump-ellipsis-note\">\\</span>GuestLayout</span> {<a class=sf-dump-ref>#1130</a> &#8230;}
    <span class=sf-dump-meta>use</span>: {<samp data-depth=3 class=sf-dump-compact>
      <span class=sf-dump-meta>$method</span>: \"<span class=sf-dump-str title=\"13 characters\">forgetFactory</span>\"
    </samp>}
    <span class=sf-dump-meta>file</span>: \"<span class=sf-dump-str title=\"F:\\xampp\\htdocs\\sardancoCrm\\vendor\\laravel\\framework\\src\\Illuminate\\View\\Component.php
86 characters\"><span class=\"sf-dump-ellipsis sf-dump-ellipsis-path\">F:\\xampp\\htdocs\\sardancoCrm\\vendor</span><span class=\"sf-dump-ellipsis sf-dump-ellipsis-path\">\\laravel\\framework\\</span>src\\Illuminate\\View\\Component.php</span>\"
    <span class=sf-dump-meta>line</span>: \"<span class=sf-dump-str title=\"10 characters\">300 to 302</span>\"
  </samp>}
</samp>}
</pre><script>Sfdump(\"sf-dump-1740583161\", {\"maxDepth\":3,\"maxStringLength\":160})</script>
","forgetComponentsResolver":"<pre class=sf-dump id=sf-dump-88058017 data-indent-pad=\"  \"><span class=sf-dump-note>Illuminate\\View\\InvokableComponentVariable</span> {<a class=sf-dump-ref>#1137</a><samp data-depth=1 class=sf-dump-expanded>
  #<span class=sf-dump-protected title=\"Protected property\">callable</span>: <span class=sf-dump-note>Closure()</span> {<a class=sf-dump-ref>#1139</a><samp data-depth=2 class=sf-dump-compact>
    <span class=sf-dump-meta>class</span>: \"<span class=sf-dump-str title=\"App\\View\\Components\\GuestLayout
31 characters\"><span class=\"sf-dump-ellipsis sf-dump-ellipsis-class\">App\\View\\Components</span><span class=\"sf-dump-ellipsis sf-dump-ellipsis-class\">\\</span>GuestLayout</span>\"
    <span class=sf-dump-meta>this</span>: <span class=sf-dump-note title=\"App\\View\\Components\\GuestLayout
\"><span class=\"sf-dump-ellipsis sf-dump-ellipsis-note\">App\\View\\Components</span><span class=\"sf-dump-ellipsis sf-dump-ellipsis-note\">\\</span>GuestLayout</span> {<a class=sf-dump-ref>#1130</a> &#8230;}
    <span class=sf-dump-meta>use</span>: {<samp data-depth=3 class=sf-dump-compact>
      <span class=sf-dump-meta>$method</span>: \"<span class=sf-dump-str title=\"24 characters\">forgetComponentsResolver</span>\"
    </samp>}
    <span class=sf-dump-meta>file</span>: \"<span class=sf-dump-str title=\"F:\\xampp\\htdocs\\sardancoCrm\\vendor\\laravel\\framework\\src\\Illuminate\\View\\Component.php
86 characters\"><span class=\"sf-dump-ellipsis sf-dump-ellipsis-path\">F:\\xampp\\htdocs\\sardancoCrm\\vendor</span><span class=\"sf-dump-ellipsis sf-dump-ellipsis-path\">\\laravel\\framework\\</span>src\\Illuminate\\View\\Component.php</span>\"
    <span class=sf-dump-meta>line</span>: \"<span class=sf-dump-str title=\"10 characters\">300 to 302</span>\"
  </samp>}
</samp>}
</pre><script>Sfdump(\"sf-dump-88058017\", {\"maxDepth\":3,\"maxStringLength\":160})</script>
","resolveComponentsUsing":"<pre class=sf-dump id=sf-dump-862224177 data-indent-pad=\"  \"><span class=sf-dump-note>App\\View\\Components\\GuestLayout::resolveComponentsUsing($resolver)</span> {<a class=sf-dump-ref>#1134</a><samp data-depth=1 class=sf-dump-expanded>
  <span class=sf-dump-meta>file</span>: \"<span class=sf-dump-str title=\"F:\\xampp\\htdocs\\sardancoCrm\\vendor\\laravel\\framework\\src\\Illuminate\\View\\Component.php
86 characters\"><span class=\"sf-dump-ellipsis sf-dump-ellipsis-path\">F:\\xampp\\htdocs\\sardancoCrm\\vendor</span><span class=\"sf-dump-ellipsis sf-dump-ellipsis-path\">\\laravel\\framework\\</span>src\\Illuminate\\View\\Component.php</span>\"
  <span class=sf-dump-meta>line</span>: \"<span class=sf-dump-str title=\"10 characters\">454 to 457</span>\"
</samp>}
</pre><script>Sfdump(\"sf-dump-862224177\", {\"maxDepth\":3,\"maxStringLength\":160})</script>
","slot":"<pre class=sf-dump id=sf-dump-1738200109 data-indent-pad=\"  \"><span class=sf-dump-note>Illuminate\\Support\\HtmlString</span> {<a class=sf-dump-ref>#1157</a><samp data-depth=1 class=sf-dump-expanded>
  #<span class=sf-dump-protected title=\"Protected property\">html</span>: \"\"\"
    <span class=sf-dump-str title=\"2162 characters\">&lt;!-- Session Status --&gt;<span class=\"sf-dump-default sf-dump-ns\">\\n</span></span>
    <span class=sf-dump-str title=\"2162 characters\">    <span class=\"sf-dump-default sf-dump-ns\">\\n</span></span>
    <span class=sf-dump-str title=\"2162 characters\">    &lt;form method=&quot;POST&quot; action=&quot;http://127.0.0.1:8000/login&quot;&gt;<span class=\"sf-dump-default sf-dump-ns\">\\n</span></span>
    <span class=sf-dump-str title=\"2162 characters\">        &lt;input type=&quot;hidden&quot; name=&quot;_token&quot; value=&quot;2dRNNeahgG9RjUxIDoTGlTpMycuoYbJLMP71giAn&quot;&gt;<span class=\"sf-dump-default sf-dump-ns\">\\n</span></span>
    <span class=sf-dump-str title=\"2162 characters\">        &lt;!-- Email Address --&gt;<span class=\"sf-dump-default sf-dump-ns\">\\n</span></span>
    <span class=sf-dump-str title=\"2162 characters\">        &lt;div&gt;<span class=\"sf-dump-default sf-dump-ns\">\\n</span></span>
    <span class=sf-dump-str title=\"2162 characters\">            &lt;label class=&quot;block font-medium text-sm text-gray-700&quot; for=&quot;email&quot;&gt;<span class=\"sf-dump-default sf-dump-ns\">\\n</span></span>
    <span class=sf-dump-str title=\"2162 characters\">    Email<span class=\"sf-dump-default sf-dump-ns\">\\n</span></span>
    <span class=sf-dump-str title=\"2162 characters\">&lt;/label&gt;<span class=\"sf-dump-default sf-dump-ns\">\\n</span></span>
    <span class=sf-dump-str title=\"2162 characters\">            &lt;input  class=&quot;border-gray-300 focus:border-indigo-500 focus:ring-indigo-500 rounded-md shadow-sm block mt-1 w-full&quot; id=&quot;email&quot; type=&quot;email&quot; name=&quot;email&quot; required=&quot;required&quot; autofocus=&quot;autofocus&quot; autocomplete=&quot;username&quot;&gt;<span class=\"sf-dump-default sf-dump-ns\">\\n</span></span>
    <span class=sf-dump-str title=\"2162 characters\">                    &lt;/div&gt;<span class=\"sf-dump-default sf-dump-ns\">\\n</span></span>
    <span class=sf-dump-str title=\"2162 characters\"><span class=\"sf-dump-default sf-dump-ns\">\\n</span></span>
    <span class=sf-dump-str title=\"2162 characters\">        &lt;!-- Password --&gt;<span class=\"sf-dump-default sf-dump-ns\">\\n</span></span>
    <span class=sf-dump-str title=\"2162 characters\">        &lt;div class=&quot;mt-4&quot;&gt;<span class=\"sf-dump-default sf-dump-ns\">\\n</span></span>
    <span class=sf-dump-str title=\"2162 characters\">            &lt;label class=&quot;block font-medium text-sm text-gray-700&quot; for=&quot;password&quot;&gt;<span class=\"sf-dump-default sf-dump-ns\">\\n</span></span>
    <span class=sf-dump-str title=\"2162 characters\">    Password<span class=\"sf-dump-default sf-dump-ns\">\\n</span></span>
    <span class=sf-dump-str title=\"2162 characters\">&lt;/label&gt;<span class=\"sf-dump-default sf-dump-ns\">\\n</span></span>
    <span class=sf-dump-str title=\"2162 characters\"><span class=\"sf-dump-default sf-dump-ns\">\\n</span></span>
    <span class=sf-dump-str title=\"2162 characters\">            &lt;input  class=&quot;border-gray-300 focus:border-indigo-500 focus:ring-indigo-500 rounded-md shadow-sm block mt-1 w-full&quot; id=&quot;password&quot; type=&quot;password&quot; name=&quot;password&quot; required=&quot;required&quot; autocomplete=&quot;current-password&quot;&gt;<span class=\"sf-dump-default sf-dump-ns\">\\n</span></span>
    <span class=sf-dump-str title=\"2162 characters\"><span class=\"sf-dump-default sf-dump-ns\">\\n</span></span>
    <span class=sf-dump-str title=\"2162 characters\">                    &lt;/div&gt;<span class=\"sf-dump-default sf-dump-ns\">\\n</span></span>
    <span class=sf-dump-str title=\"2162 characters\"><span class=\"sf-dump-default sf-dump-ns\">\\n</span></span>
    <span class=sf-dump-str title=\"2162 characters\">        &lt;!-- Remember Me --&gt;<span class=\"sf-dump-default sf-dump-ns\">\\n</span></span>
    <span class=sf-dump-str title=\"2162 characters\">        &lt;div class=&quot;block mt-4&quot;&gt;<span class=\"sf-dump-default sf-dump-ns\">\\n</span></span>
    <span class=sf-dump-str title=\"2162 characters\">            &lt;label for=&quot;remember_me&quot; class=&quot;inline-flex items-center&quot;&gt;<span class=\"sf-dump-default sf-dump-ns\">\\n</span></span>
    <span class=sf-dump-str title=\"2162 characters\">                &lt;input id=&quot;remember_me&quot; type=&quot;checkbox&quot; class=&quot;rounded border-gray-300 text-indigo-600 shadow-sm focus:ring-indigo-500&quot; name=&quot;remember&quot;&gt;<span class=\"sf-dump-default sf-dump-ns\">\\n</span></span>
    <span class=sf-dump-str title=\"2162 characters\">                &lt;span class=&quot;ml-2 text-sm text-gray-600&quot;&gt;Remember me&lt;/span&gt;<span class=\"sf-dump-default sf-dump-ns\">\\n</span></span>
    <span class=sf-dump-str title=\"2162 characters\">            &lt;/label&gt;<span class=\"sf-dump-default sf-dump-ns\">\\n</span></span>
    <span class=sf-dump-str title=\"2162 characters\">        &lt;/div&gt;<span class=\"sf-dump-default sf-dump-ns\">\\n</span></span>
    <span class=sf-dump-str title=\"2162 characters\"><span class=\"sf-dump-default sf-dump-ns\">\\n</span></span>
    <span class=sf-dump-str title=\"2162 characters\">        &lt;div class=&quot;flex items-center justify-end mt-4&quot;&gt;<span class=\"sf-dump-default sf-dump-ns\">\\n</span></span>
    <span class=sf-dump-str title=\"2162 characters\">                            &lt;a class=&quot;underline text-sm text-gray-600 hover:text-gray-900 rounded-md focus:outline-none focus:ring-2 focus:ring-offset-2 focus:ring-indigo-500&quot; href=&quot;http://127.0.0.1:8000/forgot-password&quot;&gt;<span class=\"sf-dump-default sf-dump-ns\">\\n</span></span>
    <span class=sf-dump-str title=\"2162 characters\">                    Forgot your password?<span class=\"sf-dump-default sf-dump-ns\">\\n</span></span>
    <span class=sf-dump-str title=\"2162 characters\">                &lt;/a&gt;<span class=\"sf-dump-default sf-dump-ns\">\\n</span></span>
    <span class=sf-dump-str title=\"2162 characters\">            <span class=\"sf-dump-default sf-dump-ns\">\\n</span></span>
    <span class=sf-dump-str title=\"2162 characters\">            &lt;button type=&quot;submit&quot; class=&quot;inline-flex items-center px-4 py-2 bg-gray-800 border border-transparent rounded-md font-semibold text-xs text-white uppercase tracking-widest hover:bg-gray-700 focus:bg-gray-700 active:bg-gray-900 focus:outline-none focus:ring-2 focus:ring-indigo-500 focus:ring-offset-2 transition ease-in-out duration-150 ml-3&quot;&gt;<span class=\"sf-dump-default sf-dump-ns\">\\n</span></span>
    <span class=sf-dump-str title=\"2162 characters\">    Log in<span class=\"sf-dump-default sf-dump-ns\">\\n</span></span>
    <span class=sf-dump-str title=\"2162 characters\">&lt;/button&gt;<span class=\"sf-dump-default sf-dump-ns\">\\n</span></span>
    <span class=sf-dump-str title=\"2162 characters\">        &lt;/div&gt;<span class=\"sf-dump-default sf-dump-ns\">\\n</span></span>
    <span class=sf-dump-str title=\"2162 characters\">    &lt;/form&gt;</span>
    \"\"\"
</samp>}
</pre><script>Sfdump(\"sf-dump-1738200109\", {\"maxDepth\":3,\"maxStringLength\":160})</script>
","__laravel_slots":"<pre class=sf-dump id=sf-dump-1340519483 data-indent-pad=\"  \"><span class=sf-dump-note>array:1</span> [<samp data-depth=1 class=sf-dump-expanded>
  \"<span class=sf-dump-key>__default</span>\" => <span class=sf-dump-note title=\"Illuminate\\Support\\HtmlString
\"><span class=\"sf-dump-ellipsis sf-dump-ellipsis-note\">Illuminate\\Support</span><span class=\"sf-dump-ellipsis sf-dump-ellipsis-note\">\\</span>HtmlString</span> {<a class=sf-dump-ref>#1157</a><samp data-depth=2 class=sf-dump-compact>
    #<span class=sf-dump-protected title=\"Protected property\">html</span>: \"\"\"
      <span class=sf-dump-str title=\"2162 characters\">&lt;!-- Session Status --&gt;<span class=\"sf-dump-default sf-dump-ns\">\\n</span></span>
      <span class=sf-dump-str title=\"2162 characters\">    <span class=\"sf-dump-default sf-dump-ns\">\\n</span></span>
      <span class=sf-dump-str title=\"2162 characters\">    &lt;form method=&quot;POST&quot; action=&quot;http://127.0.0.1:8000/login&quot;&gt;<span class=\"sf-dump-default sf-dump-ns\">\\n</span></span>
      <span class=sf-dump-str title=\"2162 characters\">        &lt;input type=&quot;hidden&quot; name=&quot;_token&quot; value=&quot;2dRNNeahgG9RjUxIDoTGlTpMycuoYbJLMP71giAn&quot;&gt;<span class=\"sf-dump-default sf-dump-ns\">\\n</span></span>
      <span class=sf-dump-str title=\"2162 characters\">        &lt;!-- Email Address --&gt;<span class=\"sf-dump-default sf-dump-ns\">\\n</span></span>
      <span class=sf-dump-str title=\"2162 characters\">        &lt;div&gt;<span class=\"sf-dump-default sf-dump-ns\">\\n</span></span>
      <span class=sf-dump-str title=\"2162 characters\">            &lt;label class=&quot;block font-medium text-sm text-gray-700&quot; for=&quot;email&quot;&gt;<span class=\"sf-dump-default sf-dump-ns\">\\n</span></span>
      <span class=sf-dump-str title=\"2162 characters\">    Email<span class=\"sf-dump-default sf-dump-ns\">\\n</span></span>
      <span class=sf-dump-str title=\"2162 characters\">&lt;/label&gt;<span class=\"sf-dump-default sf-dump-ns\">\\n</span></span>
      <span class=sf-dump-str title=\"2162 characters\">            &lt;input  class=&quot;border-gray-300 focus:border-indigo-500 focus:ring-indigo-500 rounded-md shadow-sm block mt-1 w-full&quot; id=&quot;email&quot; type=&quot;email&quot; name=&quot;email&quot; required=&quot;required&quot; autofocus=&quot;autofocus&quot; autocomplete=&quot;username&quot;&gt;<span class=\"sf-dump-default sf-dump-ns\">\\n</span></span>
      <span class=sf-dump-str title=\"2162 characters\">                    &lt;/div&gt;<span class=\"sf-dump-default sf-dump-ns\">\\n</span></span>
      <span class=sf-dump-str title=\"2162 characters\"><span class=\"sf-dump-default sf-dump-ns\">\\n</span></span>
      <span class=sf-dump-str title=\"2162 characters\">        &lt;!-- Password --&gt;<span class=\"sf-dump-default sf-dump-ns\">\\n</span></span>
      <span class=sf-dump-str title=\"2162 characters\">        &lt;div class=&quot;mt-4&quot;&gt;<span class=\"sf-dump-default sf-dump-ns\">\\n</span></span>
      <span class=sf-dump-str title=\"2162 characters\">            &lt;label class=&quot;block font-medium text-sm text-gray-700&quot; for=&quot;password&quot;&gt;<span class=\"sf-dump-default sf-dump-ns\">\\n</span></span>
      <span class=sf-dump-str title=\"2162 characters\">    Password<span class=\"sf-dump-default sf-dump-ns\">\\n</span></span>
      <span class=sf-dump-str title=\"2162 characters\">&lt;/label&gt;<span class=\"sf-dump-default sf-dump-ns\">\\n</span></span>
      <span class=sf-dump-str title=\"2162 characters\"><span class=\"sf-dump-default sf-dump-ns\">\\n</span></span>
      <span class=sf-dump-str title=\"2162 characters\">            &lt;input  class=&quot;border-gray-300 focus:border-indigo-500 focus:ring-indigo-500 rounded-md shadow-sm block mt-1 w-full&quot; id=&quot;password&quot; type=&quot;password&quot; name=&quot;password&quot; required=&quot;required&quot; autocomplete=&quot;current-password&quot;&gt;<span class=\"sf-dump-default sf-dump-ns\">\\n</span></span>
      <span class=sf-dump-str title=\"2162 characters\"><span class=\"sf-dump-default sf-dump-ns\">\\n</span></span>
      <span class=sf-dump-str title=\"2162 characters\">                    &lt;/div&gt;<span class=\"sf-dump-default sf-dump-ns\">\\n</span></span>
      <span class=sf-dump-str title=\"2162 characters\"><span class=\"sf-dump-default sf-dump-ns\">\\n</span></span>
      <span class=sf-dump-str title=\"2162 characters\">        &lt;!-- Remember Me --&gt;<span class=\"sf-dump-default sf-dump-ns\">\\n</span></span>
      <span class=sf-dump-str title=\"2162 characters\">        &lt;div class=&quot;block mt-4&quot;&gt;<span class=\"sf-dump-default sf-dump-ns\">\\n</span></span>
      <span class=sf-dump-str title=\"2162 characters\">            &lt;label for=&quot;remember_me&quot; class=&quot;inline-flex items-center&quot;&gt;<span class=\"sf-dump-default sf-dump-ns\">\\n</span></span>
      <span class=sf-dump-str title=\"2162 characters\">                &lt;input id=&quot;remember_me&quot; type=&quot;checkbox&quot; class=&quot;rounded border-gray-300 text-indigo-600 shadow-sm focus:ring-indigo-500&quot; name=&quot;remember&quot;&gt;<span class=\"sf-dump-default sf-dump-ns\">\\n</span></span>
      <span class=sf-dump-str title=\"2162 characters\">                &lt;span class=&quot;ml-2 text-sm text-gray-600&quot;&gt;Remember me&lt;/span&gt;<span class=\"sf-dump-default sf-dump-ns\">\\n</span></span>
      <span class=sf-dump-str title=\"2162 characters\">            &lt;/label&gt;<span class=\"sf-dump-default sf-dump-ns\">\\n</span></span>
      <span class=sf-dump-str title=\"2162 characters\">        &lt;/div&gt;<span class=\"sf-dump-default sf-dump-ns\">\\n</span></span>
      <span class=sf-dump-str title=\"2162 characters\"><span class=\"sf-dump-default sf-dump-ns\">\\n</span></span>
      <span class=sf-dump-str title=\"2162 characters\">        &lt;div class=&quot;flex items-center justify-end mt-4&quot;&gt;<span class=\"sf-dump-default sf-dump-ns\">\\n</span></span>
      <span class=sf-dump-str title=\"2162 characters\">                            &lt;a class=&quot;underline text-sm text-gray-600 hover:text-gray-900 rounded-md focus:outline-none focus:ring-2 focus:ring-offset-2 focus:ring-indigo-500&quot; href=&quot;http://127.0.0.1:8000/forgot-password&quot;&gt;<span class=\"sf-dump-default sf-dump-ns\">\\n</span></span>
      <span class=sf-dump-str title=\"2162 characters\">                    Forgot your password?<span class=\"sf-dump-default sf-dump-ns\">\\n</span></span>
      <span class=sf-dump-str title=\"2162 characters\">                &lt;/a&gt;<span class=\"sf-dump-default sf-dump-ns\">\\n</span></span>
      <span class=sf-dump-str title=\"2162 characters\">            <span class=\"sf-dump-default sf-dump-ns\">\\n</span></span>
      <span class=sf-dump-str title=\"2162 characters\">            &lt;button type=&quot;submit&quot; class=&quot;inline-flex items-center px-4 py-2 bg-gray-800 border border-transparent rounded-md font-semibold text-xs text-white uppercase tracking-widest hover:bg-gray-700 focus:bg-gray-700 active:bg-gray-900 focus:outline-none focus:ring-2 focus:ring-indigo-500 focus:ring-offset-2 transition ease-in-out duration-150 ml-3&quot;&gt;<span class=\"sf-dump-default sf-dump-ns\">\\n</span></span>
      <span class=sf-dump-str title=\"2162 characters\">    Log in<span class=\"sf-dump-default sf-dump-ns\">\\n</span></span>
      <span class=sf-dump-str title=\"2162 characters\">&lt;/button&gt;<span class=\"sf-dump-default sf-dump-ns\">\\n</span></span>
      <span class=sf-dump-str title=\"2162 characters\">        &lt;/div&gt;<span class=\"sf-dump-default sf-dump-ns\">\\n</span></span>
      <span class=sf-dump-str title=\"2162 characters\">    &lt;/form&gt;</span>
      \"\"\"
  </samp>}
</samp>]
</pre><script>Sfdump(\"sf-dump-1340519483\", {\"maxDepth\":3,\"maxStringLength\":160})</script>
"}},"exception":"[object] (Spatie\\LaravelIgnition\\Exceptions\\ViewException(code: 0): Vite manifest not found at: F:\\xampp\\htdocs\\sardancoCrm\\public\\build/manifest.json at F:\\xampp\\htdocs\\sardancoCrm\\vendor\\laravel\\framework\\src\\Illuminate\\Foundation\\Vite.php:684)
[stacktrace]
#0 F:\\xampp\\htdocs\\sardancoCrm\\vendor\\laravel\\framework\\src\\Illuminate\\Foundation\\Vite.php(273): Illuminate\\Foundation\\Vite->manifest('build')
#1 F:\\xampp\\htdocs\\sardancoCrm\\resources\\views\\layouts\\guest.blade.php(15): Illuminate\\Foundation\\Vite->__invoke(Object(Illuminate\\Support\\Collection))
#2 F:\\xampp\\htdocs\\sardancoCrm\\vendor\\laravel\\framework\\src\\Illuminate\\Filesystem\\Filesystem.php(109): require('F:\\\\xampp\\\\htdocs...')
#3 F:\\xampp\\htdocs\\sardancoCrm\\vendor\\laravel\\framework\\src\\Illuminate\\Filesystem\\Filesystem.php(110): Illuminate\\Filesystem\\Filesystem::Illuminate\\Filesystem\\{closure}()
#4 F:\\xampp\\htdocs\\sardancoCrm\\vendor\\laravel\\framework\\src\\Illuminate\\View\\Engines\\PhpEngine.php(58): Illuminate\\Filesystem\\Filesystem->getRequire('F:\\\\xampp\\\\htdocs...', Array)
#5 F:\\xampp\\htdocs\\sardancoCrm\\vendor\\laravel\\framework\\src\\Illuminate\\View\\Engines\\CompilerEngine.php(70): Illuminate\\View\\Engines\\PhpEngine->evaluatePath('F:\\\\xampp\\\\htdocs...', Array)
#6 F:\\xampp\\htdocs\\sardancoCrm\\vendor\\laravel\\framework\\src\\Illuminate\\View\\View.php(195): Illuminate\\View\\Engines\\CompilerEngine->get('F:\\\\xampp\\\\htdocs...', Array)
#7 F:\\xampp\\htdocs\\sardancoCrm\\vendor\\laravel\\framework\\src\\Illuminate\\View\\View.php(178): Illuminate\\View\\View->getContents()
#8 F:\\xampp\\htdocs\\sardancoCrm\\vendor\\laravel\\framework\\src\\Illuminate\\View\\View.php(147): Illuminate\\View\\View->renderContents()
#9 F:\\xampp\\htdocs\\sardancoCrm\\vendor\\laravel\\framework\\src\\Illuminate\\View\\Concerns\\ManagesComponents.php(100): Illuminate\\View\\View->render()
#10 F:\\xampp\\htdocs\\sardancoCrm\\resources\\views\\auth\\login.blade.php(43): Illuminate\\View\\Factory->renderComponent()
#11 F:\\xampp\\htdocs\\sardancoCrm\\vendor\\laravel\\framework\\src\\Illuminate\\Filesystem\\Filesystem.php(109): require('F:\\\\xampp\\\\htdocs...')
#12 F:\\xampp\\htdocs\\sardancoCrm\\vendor\\laravel\\framework\\src\\Illuminate\\Filesystem\\Filesystem.php(110): Illuminate\\Filesystem\\Filesystem::Illuminate\\Filesystem\\{closure}()
#13 F:\\xampp\\htdocs\\sardancoCrm\\vendor\\laravel\\framework\\src\\Illuminate\\View\\Engines\\PhpEngine.php(58): Illuminate\\Filesystem\\Filesystem->getRequire('F:\\\\xampp\\\\htdocs...', Array)
#14 F:\\xampp\\htdocs\\sardancoCrm\\vendor\\laravel\\framework\\src\\Illuminate\\View\\Engines\\CompilerEngine.php(70): Illuminate\\View\\Engines\\PhpEngine->evaluatePath('F:\\\\xampp\\\\htdocs...', Array)
#15 F:\\xampp\\htdocs\\sardancoCrm\\vendor\\laravel\\framework\\src\\Illuminate\\View\\View.php(195): Illuminate\\View\\Engines\\CompilerEngine->get('F:\\\\xampp\\\\htdocs...', Array)
#16 F:\\xampp\\htdocs\\sardancoCrm\\vendor\\laravel\\framework\\src\\Illuminate\\View\\View.php(178): Illuminate\\View\\View->getContents()
#17 F:\\xampp\\htdocs\\sardancoCrm\\vendor\\laravel\\framework\\src\\Illuminate\\View\\View.php(147): Illuminate\\View\\View->renderContents()
#18 F:\\xampp\\htdocs\\sardancoCrm\\vendor\\laravel\\framework\\src\\Illuminate\\Http\\Response.php(69): Illuminate\\View\\View->render()
#19 F:\\xampp\\htdocs\\sardancoCrm\\vendor\\laravel\\framework\\src\\Illuminate\\Http\\Response.php(35): Illuminate\\Http\\Response->setContent(Object(Illuminate\\View\\View))
#20 F:\\xampp\\htdocs\\sardancoCrm\\vendor\\laravel\\framework\\src\\Illuminate\\Routing\\Router.php(906): Illuminate\\Http\\Response->__construct(Object(Illuminate\\View\\View), 200, Array)
#21 F:\\xampp\\htdocs\\sardancoCrm\\vendor\\laravel\\framework\\src\\Illuminate\\Routing\\Router.php(875): Illuminate\\Routing\\Router::toResponse(Object(Illuminate\\Http\\Request), Object(Illuminate\\View\\View))
#22 F:\\xampp\\htdocs\\sardancoCrm\\vendor\\laravel\\framework\\src\\Illuminate\\Routing\\Router.php(797): Illuminate\\Routing\\Router->prepareResponse(Object(Illuminate\\Http\\Request), Object(Illuminate\\View\\View))
#23 F:\\xampp\\htdocs\\sardancoCrm\\vendor\\laravel\\framework\\src\\Illuminate\\Pipeline\\Pipeline.php(141): Illuminate\\Routing\\Router->Illuminate\\Routing\\{closure}(Object(Illuminate\\Http\\Request))
#24 F:\\xampp\\htdocs\\sardancoCrm\\app\\Http\\Middleware\\RedirectIfAuthenticated.php(36): Illuminate\\Pipeline\\Pipeline->Illuminate\\Pipeline\\{closure}(Object(Illuminate\\Http\\Request))
#25 F:\\xampp\\htdocs\\sardancoCrm\\vendor\\laravel\\framework\\src\\Illuminate\\Pipeline\\Pipeline.php(180): App\\Http\\Middleware\\RedirectIfAuthenticated->handle(Object(Illuminate\\Http\\Request), Object(Closure))
#26 F:\\xampp\\htdocs\\sardancoCrm\\vendor\\laravel\\framework\\src\\Illuminate\\Routing\\Middleware\\SubstituteBindings.php(50): Illuminate\\Pipeline\\Pipeline->Illuminate\\Pipeline\\{closure}(Object(Illuminate\\Http\\Request))
#27 F:\\xampp\\htdocs\\sardancoCrm\\vendor\\laravel\\framework\\src\\Illuminate\\Pipeline\\Pipeline.php(180): Illuminate\\Routing\\Middleware\\SubstituteBindings->handle(Object(Illuminate\\Http\\Request), Object(Closure))
#28 F:\\xampp\\htdocs\\sardancoCrm\\vendor\\laravel\\framework\\src\\Illuminate\\Foundation\\Http\\Middleware\\VerifyCsrfToken.php(78): Illuminate\\Pipeline\\Pipeline->Illuminate\\Pipeline\\{closure}(Object(Illuminate\\Http\\Request))
#29 F:\\xampp\\htdocs\\sardancoCrm\\vendor\\laravel\\framework\\src\\Illuminate\\Pipeline\\Pipeline.php(180): Illuminate\\Foundation\\Http\\Middleware\\VerifyCsrfToken->handle(Object(Illuminate\\Http\\Request), Object(Closure))
#30 F:\\xampp\\htdocs\\sardancoCrm\\vendor\\laravel\\framework\\src\\Illuminate\\View\\Middleware\\ShareErrorsFromSession.php(49): Illuminate\\Pipeline\\Pipeline->Illuminate\\Pipeline\\{closure}(Object(Illuminate\\Http\\Request))
#31 F:\\xampp\\htdocs\\sardancoCrm\\vendor\\laravel\\framework\\src\\Illuminate\\Pipeline\\Pipeline.php(180): Illuminate\\View\\Middleware\\ShareErrorsFromSession->handle(Object(Illuminate\\Http\\Request), Object(Closure))
#32 F:\\xampp\\htdocs\\sardancoCrm\\vendor\\laravel\\framework\\src\\Illuminate\\Session\\Middleware\\StartSession.php(121): Illuminate\\Pipeline\\Pipeline->Illuminate\\Pipeline\\{closure}(Object(Illuminate\\Http\\Request))
#33 F:\\xampp\\htdocs\\sardancoCrm\\vendor\\laravel\\framework\\src\\Illuminate\\Session\\Middleware\\StartSession.php(64): Illuminate\\Session\\Middleware\\StartSession->handleStatefulRequest(Object(Illuminate\\Http\\Request), Object(Illuminate\\Session\\Store), Object(Closure))
#34 F:\\xampp\\htdocs\\sardancoCrm\\vendor\\laravel\\framework\\src\\Illuminate\\Pipeline\\Pipeline.php(180): Illuminate\\Session\\Middleware\\StartSession->handle(Object(Illuminate\\Http\\Request), Object(Closure))
#35 F:\\xampp\\htdocs\\sardancoCrm\\vendor\\laravel\\framework\\src\\Illuminate\\Cookie\\Middleware\\AddQueuedCookiesToResponse.php(37): Illuminate\\Pipeline\\Pipeline->Illuminate\\Pipeline\\{closure}(Object(Illuminate\\Http\\Request))
#36 F:\\xampp\\htdocs\\sardancoCrm\\vendor\\laravel\\framework\\src\\Illuminate\\Pipeline\\Pipeline.php(180): Illuminate\\Cookie\\Middleware\\AddQueuedCookiesToResponse->handle(Object(Illuminate\\Http\\Request), Object(Closure))
#37 F:\\xampp\\htdocs\\sardancoCrm\\vendor\\laravel\\framework\\src\\Illuminate\\Cookie\\Middleware\\EncryptCookies.php(67): Illuminate\\Pipeline\\Pipeline->Illuminate\\Pipeline\\{closure}(Object(Illuminate\\Http\\Request))
#38 F:\\xampp\\htdocs\\sardancoCrm\\vendor\\laravel\\framework\\src\\Illuminate\\Pipeline\\Pipeline.php(180): Illuminate\\Cookie\\Middleware\\EncryptCookies->handle(Object(Illuminate\\Http\\Request), Object(Closure))
#39 F:\\xampp\\htdocs\\sardancoCrm\\vendor\\laravel\\framework\\src\\Illuminate\\Pipeline\\Pipeline.php(116): Illuminate\\Pipeline\\Pipeline->Illuminate\\Pipeline\\{closure}(Object(Illuminate\\Http\\Request))
#40 F:\\xampp\\htdocs\\sardancoCrm\\vendor\\laravel\\framework\\src\\Illuminate\\Routing\\Router.php(797): Illuminate\\Pipeline\\Pipeline->then(Object(Closure))
#41 F:\\xampp\\htdocs\\sardancoCrm\\vendor\\laravel\\framework\\src\\Illuminate\\Routing\\Router.php(776): Illuminate\\Routing\\Router->runRouteWithinStack(Object(Illuminate\\Routing\\Route), Object(Illuminate\\Http\\Request))
#42 F:\\xampp\\htdocs\\sardancoCrm\\vendor\\laravel\\framework\\src\\Illuminate\\Routing\\Router.php(740): Illuminate\\Routing\\Router->runRoute(Object(Illuminate\\Http\\Request), Object(Illuminate\\Routing\\Route))
#43 F:\\xampp\\htdocs\\sardancoCrm\\vendor\\laravel\\framework\\src\\Illuminate\\Routing\\Router.php(729): Illuminate\\Routing\\Router->dispatchToRoute(Object(Illuminate\\Http\\Request))
#44 F:\\xampp\\htdocs\\sardancoCrm\\vendor\\laravel\\framework\\src\\Illuminate\\Foundation\\Http\\Kernel.php(190): Illuminate\\Routing\\Router->dispatch(Object(Illuminate\\Http\\Request))
#45 F:\\xampp\\htdocs\\sardancoCrm\\vendor\\laravel\\framework\\src\\Illuminate\\Pipeline\\Pipeline.php(141): Illuminate\\Foundation\\Http\\Kernel->Illuminate\\Foundation\\Http\\{closure}(Object(Illuminate\\Http\\Request))
#46 F:\\xampp\\htdocs\\sardancoCrm\\vendor\\laravel\\framework\\src\\Illuminate\\Foundation\\Http\\Middleware\\TransformsRequest.php(21): Illuminate\\Pipeline\\Pipeline->Illuminate\\Pipeline\\{closure}(Object(Illuminate\\Http\\Request))
#47 F:\\xampp\\htdocs\\sardancoCrm\\vendor\\laravel\\framework\\src\\Illuminate\\Foundation\\Http\\Middleware\\ConvertEmptyStringsToNull.php(31): Illuminate\\Foundation\\Http\\Middleware\\TransformsRequest->handle(Object(Illuminate\\Http\\Request), Object(Closure))
#48 F:\\xampp\\htdocs\\sardancoCrm\\vendor\\laravel\\framework\\src\\Illuminate\\Pipeline\\Pipeline.php(180): Illuminate\\Foundation\\Http\\Middleware\\ConvertEmptyStringsToNull->handle(Object(Illuminate\\Http\\Request), Object(Closure))
#49 F:\\xampp\\htdocs\\sardancoCrm\\vendor\\laravel\\framework\\src\\Illuminate\\Foundation\\Http\\Middleware\\TransformsRequest.php(21): Illuminate\\Pipeline\\Pipeline->Illuminate\\Pipeline\\{closure}(Object(Illuminate\\Http\\Request))
#50 F:\\xampp\\htdocs\\sardancoCrm\\vendor\\laravel\\framework\\src\\Illuminate\\Foundation\\Http\\Middleware\\TrimStrings.php(40): Illuminate\\Foundation\\Http\\Middleware\\TransformsRequest->handle(Object(Illuminate\\Http\\Request), Object(Closure))
#51 F:\\xampp\\htdocs\\sardancoCrm\\vendor\\laravel\\framework\\src\\Illuminate\\Pipeline\\Pipeline.php(180): Illuminate\\Foundation\\Http\\Middleware\\TrimStrings->handle(Object(Illuminate\\Http\\Request), Object(Closure))
#52 F:\\xampp\\htdocs\\sardancoCrm\\vendor\\laravel\\framework\\src\\Illuminate\\Foundation\\Http\\Middleware\\ValidatePostSize.php(27): Illuminate\\Pipeline\\Pipeline->Illuminate\\Pipeline\\{closure}(Object(Illuminate\\Http\\Request))
#53 F:\\xampp\\htdocs\\sardancoCrm\\vendor\\laravel\\framework\\src\\Illuminate\\Pipeline\\Pipeline.php(180): Illuminate\\Foundation\\Http\\Middleware\\ValidatePostSize->handle(Object(Illuminate\\Http\\Request), Object(Closure))
#54 F:\\xampp\\htdocs\\sardancoCrm\\vendor\\laravel\\framework\\src\\Illuminate\\Foundation\\Http\\Middleware\\PreventRequestsDuringMaintenance.php(86): Illuminate\\Pipeline\\Pipeline->Illuminate\\Pipeline\\{closure}(Object(Illuminate\\Http\\Request))
#55 F:\\xampp\\htdocs\\sardancoCrm\\vendor\\laravel\\framework\\src\\Illuminate\\Pipeline\\Pipeline.php(180): Illuminate\\Foundation\\Http\\Middleware\\PreventRequestsDuringMaintenance->handle(Object(Illuminate\\Http\\Request), Object(Closure))
#56 F:\\xampp\\htdocs\\sardancoCrm\\vendor\\laravel\\framework\\src\\Illuminate\\Http\\Middleware\\HandleCors.php(49): Illuminate\\Pipeline\\Pipeline->Illuminate\\Pipeline\\{closure}(Object(Illuminate\\Http\\Request))
#57 F:\\xampp\\htdocs\\sardancoCrm\\vendor\\laravel\\framework\\src\\Illuminate\\Pipeline\\Pipeline.php(180): Illuminate\\Http\\Middleware\\HandleCors->handle(Object(Illuminate\\Http\\Request), Object(Closure))
#58 F:\\xampp\\htdocs\\sardancoCrm\\vendor\\laravel\\framework\\src\\Illuminate\\Http\\Middleware\\TrustProxies.php(39): Illuminate\\Pipeline\\Pipeline->Illuminate\\Pipeline\\{closure}(Object(Illuminate\\Http\\Request))
#59 F:\\xampp\\htdocs\\sardancoCrm\\vendor\\laravel\\framework\\src\\Illuminate\\Pipeline\\Pipeline.php(180): Illuminate\\Http\\Middleware\\TrustProxies->handle(Object(Illuminate\\Http\\Request), Object(Closure))
#60 F:\\xampp\\htdocs\\sardancoCrm\\vendor\\laravel\\framework\\src\\Illuminate\\Pipeline\\Pipeline.php(116): Illuminate\\Pipeline\\Pipeline->Illuminate\\Pipeline\\{closure}(Object(Illuminate\\Http\\Request))
#61 F:\\xampp\\htdocs\\sardancoCrm\\vendor\\laravel\\framework\\src\\Illuminate\\Foundation\\Http\\Kernel.php(165): Illuminate\\Pipeline\\Pipeline->then(Object(Closure))
#62 F:\\xampp\\htdocs\\sardancoCrm\\vendor\\laravel\\framework\\src\\Illuminate\\Foundation\\Http\\Kernel.php(134): Illuminate\\Foundation\\Http\\Kernel->sendRequestThroughRouter(Object(Illuminate\\Http\\Request))
#63 F:\\xampp\\htdocs\\sardancoCrm\\public\\index.php(36): Illuminate\\Foundation\\Http\\Kernel->handle(Object(Illuminate\\Http\\Request))
#64 F:\\xampp\\htdocs\\sardancoCrm\\vendor\\laravel\\framework\\src\\Illuminate\\Foundation\\resources\\server.php(16): require_once('F:\\\\xampp\\\\htdocs...')
#65 {main}

[previous exception] [object] (Exception(code: 0): Vite manifest not found at: F:\\xampp\\htdocs\\sardancoCrm\\public\\build/manifest.json at F:\\xampp\\htdocs\\sardancoCrm\\vendor\\laravel\\framework\\src\\Illuminate\\Foundation\\Vite.php:684)
[stacktrace]
#0 F:\\xampp\\htdocs\\sardancoCrm\\vendor\\laravel\\framework\\src\\Illuminate\\Foundation\\Vite.php(273): Illuminate\\Foundation\\Vite->manifest('build')
#1 F:\\xampp\\htdocs\\sardancoCrm\\storage\\framework\\views\\de7780c8c584d3981d09b3dd4ddea06be74cdc7d.php(15): Illuminate\\Foundation\\Vite->__invoke(Object(Illuminate\\Support\\Collection))
#2 F:\\xampp\\htdocs\\sardancoCrm\\vendor\\laravel\\framework\\src\\Illuminate\\Filesystem\\Filesystem.php(109): require('F:\\\\xampp\\\\htdocs...')
#3 F:\\xampp\\htdocs\\sardancoCrm\\vendor\\laravel\\framework\\src\\Illuminate\\Filesystem\\Filesystem.php(110): Illuminate\\Filesystem\\Filesystem::Illuminate\\Filesystem\\{closure}()
#4 F:\\xampp\\htdocs\\sardancoCrm\\vendor\\laravel\\framework\\src\\Illuminate\\View\\Engines\\PhpEngine.php(58): Illuminate\\Filesystem\\Filesystem->getRequire('F:\\\\xampp\\\\htdocs...', Array)
#5 F:\\xampp\\htdocs\\sardancoCrm\\vendor\\laravel\\framework\\src\\Illuminate\\View\\Engines\\CompilerEngine.php(70): Illuminate\\View\\Engines\\PhpEngine->evaluatePath('F:\\\\xampp\\\\htdocs...', Array)
#6 F:\\xampp\\htdocs\\sardancoCrm\\vendor\\laravel\\framework\\src\\Illuminate\\View\\View.php(195): Illuminate\\View\\Engines\\CompilerEngine->get('F:\\\\xampp\\\\htdocs...', Array)
#7 F:\\xampp\\htdocs\\sardancoCrm\\vendor\\laravel\\framework\\src\\Illuminate\\View\\View.php(178): Illuminate\\View\\View->getContents()
#8 F:\\xampp\\htdocs\\sardancoCrm\\vendor\\laravel\\framework\\src\\Illuminate\\View\\View.php(147): Illuminate\\View\\View->renderContents()
#9 F:\\xampp\\htdocs\\sardancoCrm\\vendor\\laravel\\framework\\src\\Illuminate\\View\\Concerns\\ManagesComponents.php(100): Illuminate\\View\\View->render()
#10 F:\\xampp\\htdocs\\sardancoCrm\\storage\\framework\\views\\c50ecb72c390593a0d646a9997678e7916f7d1e8.php(165): Illuminate\\View\\Factory->renderComponent()
#11 F:\\xampp\\htdocs\\sardancoCrm\\vendor\\laravel\\framework\\src\\Illuminate\\Filesystem\\Filesystem.php(109): require('F:\\\\xampp\\\\htdocs...')
#12 F:\\xampp\\htdocs\\sardancoCrm\\vendor\\laravel\\framework\\src\\Illuminate\\Filesystem\\Filesystem.php(110): Illuminate\\Filesystem\\Filesystem::Illuminate\\Filesystem\\{closure}()
#13 F:\\xampp\\htdocs\\sardancoCrm\\vendor\\laravel\\framework\\src\\Illuminate\\View\\Engines\\PhpEngine.php(58): Illuminate\\Filesystem\\Filesystem->getRequire('F:\\\\xampp\\\\htdocs...', Array)
#14 F:\\xampp\\htdocs\\sardancoCrm\\vendor\\laravel\\framework\\src\\Illuminate\\View\\Engines\\CompilerEngine.php(70): Illuminate\\View\\Engines\\PhpEngine->evaluatePath('F:\\\\xampp\\\\htdocs...', Array)
#15 F:\\xampp\\htdocs\\sardancoCrm\\vendor\\laravel\\framework\\src\\Illuminate\\View\\View.php(195): Illuminate\\View\\Engines\\CompilerEngine->get('F:\\\\xampp\\\\htdocs...', Array)
#16 F:\\xampp\\htdocs\\sardancoCrm\\vendor\\laravel\\framework\\src\\Illuminate\\View\\View.php(178): Illuminate\\View\\View->getContents()
#17 F:\\xampp\\htdocs\\sardancoCrm\\vendor\\laravel\\framework\\src\\Illuminate\\View\\View.php(147): Illuminate\\View\\View->renderContents()
#18 F:\\xampp\\htdocs\\sardancoCrm\\vendor\\laravel\\framework\\src\\Illuminate\\Http\\Response.php(69): Illuminate\\View\\View->render()
#19 F:\\xampp\\htdocs\\sardancoCrm\\vendor\\laravel\\framework\\src\\Illuminate\\Http\\Response.php(35): Illuminate\\Http\\Response->setContent(Object(Illuminate\\View\\View))
#20 F:\\xampp\\htdocs\\sardancoCrm\\vendor\\laravel\\framework\\src\\Illuminate\\Routing\\Router.php(906): Illuminate\\Http\\Response->__construct(Object(Illuminate\\View\\View), 200, Array)
#21 F:\\xampp\\htdocs\\sardancoCrm\\vendor\\laravel\\framework\\src\\Illuminate\\Routing\\Router.php(875): Illuminate\\Routing\\Router::toResponse(Object(Illuminate\\Http\\Request), Object(Illuminate\\View\\View))
#22 F:\\xampp\\htdocs\\sardancoCrm\\vendor\\laravel\\framework\\src\\Illuminate\\Routing\\Router.php(797): Illuminate\\Routing\\Router->prepareResponse(Object(Illuminate\\Http\\Request), Object(Illuminate\\View\\View))
#23 F:\\xampp\\htdocs\\sardancoCrm\\vendor\\laravel\\framework\\src\\Illuminate\\Pipeline\\Pipeline.php(141): Illuminate\\Routing\\Router->Illuminate\\Routing\\{closure}(Object(Illuminate\\Http\\Request))
#24 F:\\xampp\\htdocs\\sardancoCrm\\app\\Http\\Middleware\\RedirectIfAuthenticated.php(36): Illuminate\\Pipeline\\Pipeline->Illuminate\\Pipeline\\{closure}(Object(Illuminate\\Http\\Request))
#25 F:\\xampp\\htdocs\\sardancoCrm\\vendor\\laravel\\framework\\src\\Illuminate\\Pipeline\\Pipeline.php(180): App\\Http\\Middleware\\RedirectIfAuthenticated->handle(Object(Illuminate\\Http\\Request), Object(Closure))
#26 F:\\xampp\\htdocs\\sardancoCrm\\vendor\\laravel\\framework\\src\\Illuminate\\Routing\\Middleware\\SubstituteBindings.php(50): Illuminate\\Pipeline\\Pipeline->Illuminate\\Pipeline\\{closure}(Object(Illuminate\\Http\\Request))
#27 F:\\xampp\\htdocs\\sardancoCrm\\vendor\\laravel\\framework\\src\\Illuminate\\Pipeline\\Pipeline.php(180): Illuminate\\Routing\\Middleware\\SubstituteBindings->handle(Object(Illuminate\\Http\\Request), Object(Closure))
#28 F:\\xampp\\htdocs\\sardancoCrm\\vendor\\laravel\\framework\\src\\Illuminate\\Foundation\\Http\\Middleware\\VerifyCsrfToken.php(78): Illuminate\\Pipeline\\Pipeline->Illuminate\\Pipeline\\{closure}(Object(Illuminate\\Http\\Request))
#29 F:\\xampp\\htdocs\\sardancoCrm\\vendor\\laravel\\framework\\src\\Illuminate\\Pipeline\\Pipeline.php(180): Illuminate\\Foundation\\Http\\Middleware\\VerifyCsrfToken->handle(Object(Illuminate\\Http\\Request), Object(Closure))
#30 F:\\xampp\\htdocs\\sardancoCrm\\vendor\\laravel\\framework\\src\\Illuminate\\View\\Middleware\\ShareErrorsFromSession.php(49): Illuminate\\Pipeline\\Pipeline->Illuminate\\Pipeline\\{closure}(Object(Illuminate\\Http\\Request))
#31 F:\\xampp\\htdocs\\sardancoCrm\\vendor\\laravel\\framework\\src\\Illuminate\\Pipeline\\Pipeline.php(180): Illuminate\\View\\Middleware\\ShareErrorsFromSession->handle(Object(Illuminate\\Http\\Request), Object(Closure))
#32 F:\\xampp\\htdocs\\sardancoCrm\\vendor\\laravel\\framework\\src\\Illuminate\\Session\\Middleware\\StartSession.php(121): Illuminate\\Pipeline\\Pipeline->Illuminate\\Pipeline\\{closure}(Object(Illuminate\\Http\\Request))
#33 F:\\xampp\\htdocs\\sardancoCrm\\vendor\\laravel\\framework\\src\\Illuminate\\Session\\Middleware\\StartSession.php(64): Illuminate\\Session\\Middleware\\StartSession->handleStatefulRequest(Object(Illuminate\\Http\\Request), Object(Illuminate\\Session\\Store), Object(Closure))
#34 F:\\xampp\\htdocs\\sardancoCrm\\vendor\\laravel\\framework\\src\\Illuminate\\Pipeline\\Pipeline.php(180): Illuminate\\Session\\Middleware\\StartSession->handle(Object(Illuminate\\Http\\Request), Object(Closure))
#35 F:\\xampp\\htdocs\\sardancoCrm\\vendor\\laravel\\framework\\src\\Illuminate\\Cookie\\Middleware\\AddQueuedCookiesToResponse.php(37): Illuminate\\Pipeline\\Pipeline->Illuminate\\Pipeline\\{closure}(Object(Illuminate\\Http\\Request))
#36 F:\\xampp\\htdocs\\sardancoCrm\\vendor\\laravel\\framework\\src\\Illuminate\\Pipeline\\Pipeline.php(180): Illuminate\\Cookie\\Middleware\\AddQueuedCookiesToResponse->handle(Object(Illuminate\\Http\\Request), Object(Closure))
#37 F:\\xampp\\htdocs\\sardancoCrm\\vendor\\laravel\\framework\\src\\Illuminate\\Cookie\\Middleware\\EncryptCookies.php(67): Illuminate\\Pipeline\\Pipeline->Illuminate\\Pipeline\\{closure}(Object(Illuminate\\Http\\Request))
#38 F:\\xampp\\htdocs\\sardancoCrm\\vendor\\laravel\\framework\\src\\Illuminate\\Pipeline\\Pipeline.php(180): Illuminate\\Cookie\\Middleware\\EncryptCookies->handle(Object(Illuminate\\Http\\Request), Object(Closure))
#39 F:\\xampp\\htdocs\\sardancoCrm\\vendor\\laravel\\framework\\src\\Illuminate\\Pipeline\\Pipeline.php(116): Illuminate\\Pipeline\\Pipeline->Illuminate\\Pipeline\\{closure}(Object(Illuminate\\Http\\Request))
#40 F:\\xampp\\htdocs\\sardancoCrm\\vendor\\laravel\\framework\\src\\Illuminate\\Routing\\Router.php(797): Illuminate\\Pipeline\\Pipeline->then(Object(Closure))
#41 F:\\xampp\\htdocs\\sardancoCrm\\vendor\\laravel\\framework\\src\\Illuminate\\Routing\\Router.php(776): Illuminate\\Routing\\Router->runRouteWithinStack(Object(Illuminate\\Routing\\Route), Object(Illuminate\\Http\\Request))
#42 F:\\xampp\\htdocs\\sardancoCrm\\vendor\\laravel\\framework\\src\\Illuminate\\Routing\\Router.php(740): Illuminate\\Routing\\Router->runRoute(Object(Illuminate\\Http\\Request), Object(Illuminate\\Routing\\Route))
#43 F:\\xampp\\htdocs\\sardancoCrm\\vendor\\laravel\\framework\\src\\Illuminate\\Routing\\Router.php(729): Illuminate\\Routing\\Router->dispatchToRoute(Object(Illuminate\\Http\\Request))
#44 F:\\xampp\\htdocs\\sardancoCrm\\vendor\\laravel\\framework\\src\\Illuminate\\Foundation\\Http\\Kernel.php(190): Illuminate\\Routing\\Router->dispatch(Object(Illuminate\\Http\\Request))
#45 F:\\xampp\\htdocs\\sardancoCrm\\vendor\\laravel\\framework\\src\\Illuminate\\Pipeline\\Pipeline.php(141): Illuminate\\Foundation\\Http\\Kernel->Illuminate\\Foundation\\Http\\{closure}(Object(Illuminate\\Http\\Request))
#46 F:\\xampp\\htdocs\\sardancoCrm\\vendor\\laravel\\framework\\src\\Illuminate\\Foundation\\Http\\Middleware\\TransformsRequest.php(21): Illuminate\\Pipeline\\Pipeline->Illuminate\\Pipeline\\{closure}(Object(Illuminate\\Http\\Request))
#47 F:\\xampp\\htdocs\\sardancoCrm\\vendor\\laravel\\framework\\src\\Illuminate\\Foundation\\Http\\Middleware\\ConvertEmptyStringsToNull.php(31): Illuminate\\Foundation\\Http\\Middleware\\TransformsRequest->handle(Object(Illuminate\\Http\\Request), Object(Closure))
#48 F:\\xampp\\htdocs\\sardancoCrm\\vendor\\laravel\\framework\\src\\Illuminate\\Pipeline\\Pipeline.php(180): Illuminate\\Foundation\\Http\\Middleware\\ConvertEmptyStringsToNull->handle(Object(Illuminate\\Http\\Request), Object(Closure))
#49 F:\\xampp\\htdocs\\sardancoCrm\\vendor\\laravel\\framework\\src\\Illuminate\\Foundation\\Http\\Middleware\\TransformsRequest.php(21): Illuminate\\Pipeline\\Pipeline->Illuminate\\Pipeline\\{closure}(Object(Illuminate\\Http\\Request))
#50 F:\\xampp\\htdocs\\sardancoCrm\\vendor\\laravel\\framework\\src\\Illuminate\\Foundation\\Http\\Middleware\\TrimStrings.php(40): Illuminate\\Foundation\\Http\\Middleware\\TransformsRequest->handle(Object(Illuminate\\Http\\Request), Object(Closure))
#51 F:\\xampp\\htdocs\\sardancoCrm\\vendor\\laravel\\framework\\src\\Illuminate\\Pipeline\\Pipeline.php(180): Illuminate\\Foundation\\Http\\Middleware\\TrimStrings->handle(Object(Illuminate\\Http\\Request), Object(Closure))
#52 F:\\xampp\\htdocs\\sardancoCrm\\vendor\\laravel\\framework\\src\\Illuminate\\Foundation\\Http\\Middleware\\ValidatePostSize.php(27): Illuminate\\Pipeline\\Pipeline->Illuminate\\Pipeline\\{closure}(Object(Illuminate\\Http\\Request))
#53 F:\\xampp\\htdocs\\sardancoCrm\\vendor\\laravel\\framework\\src\\Illuminate\\Pipeline\\Pipeline.php(180): Illuminate\\Foundation\\Http\\Middleware\\ValidatePostSize->handle(Object(Illuminate\\Http\\Request), Object(Closure))
#54 F:\\xampp\\htdocs\\sardancoCrm\\vendor\\laravel\\framework\\src\\Illuminate\\Foundation\\Http\\Middleware\\PreventRequestsDuringMaintenance.php(86): Illuminate\\Pipeline\\Pipeline->Illuminate\\Pipeline\\{closure}(Object(Illuminate\\Http\\Request))
#55 F:\\xampp\\htdocs\\sardancoCrm\\vendor\\laravel\\framework\\src\\Illuminate\\Pipeline\\Pipeline.php(180): Illuminate\\Foundation\\Http\\Middleware\\PreventRequestsDuringMaintenance->handle(Object(Illuminate\\Http\\Request), Object(Closure))
#56 F:\\xampp\\htdocs\\sardancoCrm\\vendor\\laravel\\framework\\src\\Illuminate\\Http\\Middleware\\HandleCors.php(49): Illuminate\\Pipeline\\Pipeline->Illuminate\\Pipeline\\{closure}(Object(Illuminate\\Http\\Request))
#57 F:\\xampp\\htdocs\\sardancoCrm\\vendor\\laravel\\framework\\src\\Illuminate\\Pipeline\\Pipeline.php(180): Illuminate\\Http\\Middleware\\HandleCors->handle(Object(Illuminate\\Http\\Request), Object(Closure))
#58 F:\\xampp\\htdocs\\sardancoCrm\\vendor\\laravel\\framework\\src\\Illuminate\\Http\\Middleware\\TrustProxies.php(39): Illuminate\\Pipeline\\Pipeline->Illuminate\\Pipeline\\{closure}(Object(Illuminate\\Http\\Request))
#59 F:\\xampp\\htdocs\\sardancoCrm\\vendor\\laravel\\framework\\src\\Illuminate\\Pipeline\\Pipeline.php(180): Illuminate\\Http\\Middleware\\TrustProxies->handle(Object(Illuminate\\Http\\Request), Object(Closure))
#60 F:\\xampp\\htdocs\\sardancoCrm\\vendor\\laravel\\framework\\src\\Illuminate\\Pipeline\\Pipeline.php(116): Illuminate\\Pipeline\\Pipeline->Illuminate\\Pipeline\\{closure}(Object(Illuminate\\Http\\Request))
#61 F:\\xampp\\htdocs\\sardancoCrm\\vendor\\laravel\\framework\\src\\Illuminate\\Foundation\\Http\\Kernel.php(165): Illuminate\\Pipeline\\Pipeline->then(Object(Closure))
#62 F:\\xampp\\htdocs\\sardancoCrm\\vendor\\laravel\\framework\\src\\Illuminate\\Foundation\\Http\\Kernel.php(134): Illuminate\\Foundation\\Http\\Kernel->sendRequestThroughRouter(Object(Illuminate\\Http\\Request))
#63 F:\\xampp\\htdocs\\sardancoCrm\\public\\index.php(36): Illuminate\\Foundation\\Http\\Kernel->handle(Object(Illuminate\\Http\\Request))
#64 F:\\xampp\\htdocs\\sardancoCrm\\vendor\\laravel\\framework\\src\\Illuminate\\Foundation\\resources\\server.php(16): require_once('F:\\\\xampp\\\\htdocs...')
#65 {main}
"} 
[2026-08-18 05:36:44] local.ERROR: SQLSTATE[HY000] [1049] Unknown database 'sardaandco_crm_local' (SQL: select * from `users` where `email` = admin@example.com limit 1) {"exception":"[object] (Illuminate\\Database\\QueryException(code: 1049): SQLSTATE[HY000] [1049] Unknown database 'sardaandco_crm_local' (SQL: select * from `users` where `email` = admin@example.com limit 1) at F:\\xampp\\htdocs\\sardancoCrm\\vendor\\laravel\\framework\\src\\Illuminate\\Database\\Connection.php:760)
[stacktrace]
#0 F:\\xampp\\htdocs\\sardancoCrm\\vendor\\laravel\\framework\\src\\Illuminate\\Database\\Connection.php(720): Illuminate\\Database\\Connection->runQueryCallback('select * from `...', Array, Object(Closure))
#1 F:\\xampp\\htdocs\\sardancoCrm\\vendor\\laravel\\framework\\src\\Illuminate\\Database\\Connection.php(405): Illuminate\\Database\\Connection->run('select * from `...', Array, Object(Closure))
#2 F:\\xampp\\htdocs\\sardancoCrm\\vendor\\laravel\\framework\\src\\Illuminate\\Database\\Query\\Builder.php(2705): Illuminate\\Database\\Connection->select('select * from `...', Array, true)
#3 F:\\xampp\\htdocs\\sardancoCrm\\vendor\\laravel\\framework\\src\\Illuminate\\Database\\Query\\Builder.php(2694): Illuminate\\Database\\Query\\Builder->runSelect()
#4 F:\\xampp\\htdocs\\sardancoCrm\\vendor\\laravel\\framework\\src\\Illuminate\\Database\\Query\\Builder.php(3230): Illuminate\\Database\\Query\\Builder->Illuminate\\Database\\Query\\{closure}()
#5 F:\\xampp\\htdocs\\sardancoCrm\\vendor\\laravel\\framework\\src\\Illuminate\\Database\\Query\\Builder.php(2693): Illuminate\\Database\\Query\\Builder->onceWithColumns(Array, Object(Closure))
#6 F:\\xampp\\htdocs\\sardancoCrm\\vendor\\laravel\\framework\\src\\Illuminate\\Database\\Eloquent\\Builder.php(710): Illuminate\\Database\\Query\\Builder->get(Array)
#7 F:\\xampp\\htdocs\\sardancoCrm\\vendor\\laravel\\framework\\src\\Illuminate\\Database\\Eloquent\\Builder.php(694): Illuminate\\Database\\Eloquent\\Builder->getModels(Array)
#8 F:\\xampp\\htdocs\\sardancoCrm\\vendor\\laravel\\framework\\src\\Illuminate\\Database\\Concerns\\BuildsQueries.php(296): Illuminate\\Database\\Eloquent\\Builder->get(Array)
#9 F:\\xampp\\htdocs\\sardancoCrm\\vendor\\laravel\\framework\\src\\Illuminate\\Auth\\EloquentUserProvider.php(139): Illuminate\\Database\\Eloquent\\Builder->first()
#10 F:\\xampp\\htdocs\\sardancoCrm\\vendor\\laravel\\framework\\src\\Illuminate\\Auth\\SessionGuard.php(381): Illuminate\\Auth\\EloquentUserProvider->retrieveByCredentials(Array)
#11 F:\\xampp\\htdocs\\sardancoCrm\\vendor\\laravel\\framework\\src\\Illuminate\\Auth\\AuthManager.php(340): Illuminate\\Auth\\SessionGuard->attempt(Array, false)
#12 F:\\xampp\\htdocs\\sardancoCrm\\vendor\\laravel\\framework\\src\\Illuminate\\Support\\Facades\\Facade.php(338): Illuminate\\Auth\\AuthManager->__call('attempt', Array)
#13 F:\\xampp\\htdocs\\sardancoCrm\\app\\Http\\Requests\\Auth\\LoginRequest.php(44): Illuminate\\Support\\Facades\\Facade::__callStatic('attempt', Array)
#14 F:\\xampp\\htdocs\\sardancoCrm\\app\\Http\\Controllers\\Auth\\AuthenticatedSessionController.php(28): App\\Http\\Requests\\Auth\\LoginRequest->authenticate()
#15 F:\\xampp\\htdocs\\sardancoCrm\\vendor\\laravel\\framework\\src\\Illuminate\\Routing\\Controller.php(54): App\\Http\\Controllers\\Auth\\AuthenticatedSessionController->store(Object(App\\Http\\Requests\\Auth\\LoginRequest))
#16 F:\\xampp\\htdocs\\sardancoCrm\\vendor\\laravel\\framework\\src\\Illuminate\\Routing\\ControllerDispatcher.php(43): Illuminate\\Routing\\Controller->callAction('store', Array)
#17 F:\\xampp\\htdocs\\sardancoCrm\\vendor\\laravel\\framework\\src\\Illuminate\\Routing\\Route.php(259): Illuminate\\Routing\\ControllerDispatcher->dispatch(Object(Illuminate\\Routing\\Route), Object(App\\Http\\Controllers\\Auth\\AuthenticatedSessionController), 'store')
#18 F:\\xampp\\htdocs\\sardancoCrm\\vendor\\laravel\\framework\\src\\Illuminate\\Routing\\Route.php(205): Illuminate\\Routing\\Route->runController()
#19 F:\\xampp\\htdocs\\sardancoCrm\\vendor\\laravel\\framework\\src\\Illuminate\\Routing\\Router.php(798): Illuminate\\Routing\\Route->run()
#20 F:\\xampp\\htdocs\\sardancoCrm\\vendor\\laravel\\framework\\src\\Illuminate\\Pipeline\\Pipeline.php(141): Illuminate\\Routing\\Router->Illuminate\\Routing\\{closure}(Object(Illuminate\\Http\\Request))
#21 F:\\xampp\\htdocs\\sardancoCrm\\app\\Http\\Middleware\\RedirectIfAuthenticated.php(36): Illuminate\\Pipeline\\Pipeline->Illuminate\\Pipeline\\{closure}(Object(Illuminate\\Http\\Request))
#22 F:\\xampp\\htdocs\\sardancoCrm\\vendor\\laravel\\framework\\src\\Illuminate\\Pipeline\\Pipeline.php(180): App\\Http\\Middleware\\RedirectIfAuthenticated->handle(Object(Illuminate\\Http\\Request), Object(Closure))
#23 F:\\xampp\\htdocs\\sardancoCrm\\vendor\\laravel\\framework\\src\\Illuminate\\Routing\\Middleware\\SubstituteBindings.php(50): Illuminate\\Pipeline\\Pipeline->Illuminate\\Pipeline\\{closure}(Object(Illuminate\\Http\\Request))
#24 F:\\xampp\\htdocs\\sardancoCrm\\vendor\\laravel\\framework\\src\\Illuminate\\Pipeline\\Pipeline.php(180): Illuminate\\Routing\\Middleware\\SubstituteBindings->handle(Object(Illuminate\\Http\\Request), Object(Closure))
#25 F:\\xampp\\htdocs\\sardancoCrm\\vendor\\laravel\\framework\\src\\Illuminate\\Foundation\\Http\\Middleware\\VerifyCsrfToken.php(78): Illuminate\\Pipeline\\Pipeline->Illuminate\\Pipeline\\{closure}(Object(Illuminate\\Http\\Request))
#26 F:\\xampp\\htdocs\\sardancoCrm\\vendor\\laravel\\framework\\src\\Illuminate\\Pipeline\\Pipeline.php(180): Illuminate\\Foundation\\Http\\Middleware\\VerifyCsrfToken->handle(Object(Illuminate\\Http\\Request), Object(Closure))
#27 F:\\xampp\\htdocs\\sardancoCrm\\vendor\\laravel\\framework\\src\\Illuminate\\View\\Middleware\\ShareErrorsFromSession.php(49): Illuminate\\Pipeline\\Pipeline->Illuminate\\Pipeline\\{closure}(Object(Illuminate\\Http\\Request))
#28 F:\\xampp\\htdocs\\sardancoCrm\\vendor\\laravel\\framework\\src\\Illuminate\\Pipeline\\Pipeline.php(180): Illuminate\\View\\Middleware\\ShareErrorsFromSession->handle(Object(Illuminate\\Http\\Request), Object(Closure))
#29 F:\\xampp\\htdocs\\sardancoCrm\\vendor\\laravel\\framework\\src\\Illuminate\\Session\\Middleware\\StartSession.php(121): Illuminate\\Pipeline\\Pipeline->Illuminate\\Pipeline\\{closure}(Object(Illuminate\\Http\\Request))
#30 F:\\xampp\\htdocs\\sardancoCrm\\vendor\\laravel\\framework\\src\\Illuminate\\Session\\Middleware\\StartSession.php(64): Illuminate\\Session\\Middleware\\StartSession->handleStatefulRequest(Object(Illuminate\\Http\\Request), Object(Illuminate\\Session\\Store), Object(Closure))
#31 F:\\xampp\\htdocs\\sardancoCrm\\vendor\\laravel\\framework\\src\\Illuminate\\Pipeline\\Pipeline.php(180): Illuminate\\Session\\Middleware\\StartSession->handle(Object(Illuminate\\Http\\Request), Object(Closure))
#32 F:\\xampp\\htdocs\\sardancoCrm\\vendor\\laravel\\framework\\src\\Illuminate\\Cookie\\Middleware\\AddQueuedCookiesToResponse.php(37): Illuminate\\Pipeline\\Pipeline->Illuminate\\Pipeline\\{closure}(Object(Illuminate\\Http\\Request))
#33 F:\\xampp\\htdocs\\sardancoCrm\\vendor\\laravel\\framework\\src\\Illuminate\\Pipeline\\Pipeline.php(180): Illuminate\\Cookie\\Middleware\\AddQueuedCookiesToResponse->handle(Object(Illuminate\\Http\\Request), Object(Closure))
#34 F:\\xampp\\htdocs\\sardancoCrm\\vendor\\laravel\\framework\\src\\Illuminate\\Cookie\\Middleware\\EncryptCookies.php(67): Illuminate\\Pipeline\\Pipeline->Illuminate\\Pipeline\\{closure}(Object(Illuminate\\Http\\Request))
#35 F:\\xampp\\htdocs\\sardancoCrm\\vendor\\laravel\\framework\\src\\Illuminate\\Pipeline\\Pipeline.php(180): Illuminate\\Cookie\\Middleware\\EncryptCookies->handle(Object(Illuminate\\Http\\Request), Object(Closure))
#36 F:\\xampp\\htdocs\\sardancoCrm\\vendor\\laravel\\framework\\src\\Illuminate\\Pipeline\\Pipeline.php(116): Illuminate\\Pipeline\\Pipeline->Illuminate\\Pipeline\\{closure}(Object(Illuminate\\Http\\Request))
#37 F:\\xampp\\htdocs\\sardancoCrm\\vendor\\laravel\\framework\\src\\Illuminate\\Routing\\Router.php(797): Illuminate\\Pipeline\\Pipeline->then(Object(Closure))
#38 F:\\xampp\\htdocs\\sardancoCrm\\vendor\\laravel\\framework\\src\\Illuminate\\Routing\\Router.php(776): Illuminate\\Routing\\Router->runRouteWithinStack(Object(Illuminate\\Routing\\Route), Object(Illuminate\\Http\\Request))
#39 F:\\xampp\\htdocs\\sardancoCrm\\vendor\\laravel\\framework\\src\\Illuminate\\Routing\\Router.php(740): Illuminate\\Routing\\Router->runRoute(Object(Illuminate\\Http\\Request), Object(Illuminate\\Routing\\Route))
#40 F:\\xampp\\htdocs\\sardancoCrm\\vendor\\laravel\\framework\\src\\Illuminate\\Routing\\Router.php(729): Illuminate\\Routing\\Router->dispatchToRoute(Object(Illuminate\\Http\\Request))
#41 F:\\xampp\\htdocs\\sardancoCrm\\vendor\\laravel\\framework\\src\\Illuminate\\Foundation\\Http\\Kernel.php(190): Illuminate\\Routing\\Router->dispatch(Object(Illuminate\\Http\\Request))
#42 F:\\xampp\\htdocs\\sardancoCrm\\vendor\\laravel\\framework\\src\\Illuminate\\Pipeline\\Pipeline.php(141): Illuminate\\Foundation\\Http\\Kernel->Illuminate\\Foundation\\Http\\{closure}(Object(Illuminate\\Http\\Request))
#43 F:\\xampp\\htdocs\\sardancoCrm\\vendor\\laravel\\framework\\src\\Illuminate\\Foundation\\Http\\Middleware\\TransformsRequest.php(21): Illuminate\\Pipeline\\Pipeline->Illuminate\\Pipeline\\{closure}(Object(Illuminate\\Http\\Request))
#44 F:\\xampp\\htdocs\\sardancoCrm\\vendor\\laravel\\framework\\src\\Illuminate\\Foundation\\Http\\Middleware\\ConvertEmptyStringsToNull.php(31): Illuminate\\Foundation\\Http\\Middleware\\TransformsRequest->handle(Object(Illuminate\\Http\\Request), Object(Closure))
#45 F:\\xampp\\htdocs\\sardancoCrm\\vendor\\laravel\\framework\\src\\Illuminate\\Pipeline\\Pipeline.php(180): Illuminate\\Foundation\\Http\\Middleware\\ConvertEmptyStringsToNull->handle(Object(Illuminate\\Http\\Request), Object(Closure))
#46 F:\\xampp\\htdocs\\sardancoCrm\\vendor\\laravel\\framework\\src\\Illuminate\\Foundation\\Http\\Middleware\\TransformsRequest.php(21): Illuminate\\Pipeline\\Pipeline->Illuminate\\Pipeline\\{closure}(Object(Illuminate\\Http\\Request))
#47 F:\\xampp\\htdocs\\sardancoCrm\\vendor\\laravel\\framework\\src\\Illuminate\\Foundation\\Http\\Middleware\\TrimStrings.php(40): Illuminate\\Foundation\\Http\\Middleware\\TransformsRequest->handle(Object(Illuminate\\Http\\Request), Object(Closure))
#48 F:\\xampp\\htdocs\\sardancoCrm\\vendor\\laravel\\framework\\src\\Illuminate\\Pipeline\\Pipeline.php(180): Illuminate\\Foundation\\Http\\Middleware\\TrimStrings->handle(Object(Illuminate\\Http\\Request), Object(Closure))
#49 F:\\xampp\\htdocs\\sardancoCrm\\vendor\\laravel\\framework\\src\\Illuminate\\Foundation\\Http\\Middleware\\ValidatePostSize.php(27): Illuminate\\Pipeline\\Pipeline->Illuminate\\Pipeline\\{closure}(Object(Illuminate\\Http\\Request))
#50 F:\\xampp\\htdocs\\sardancoCrm\\vendor\\laravel\\framework\\src\\Illuminate\\Pipeline\\Pipeline.php(180): Illuminate\\Foundation\\Http\\Middleware\\ValidatePostSize->handle(Object(Illuminate\\Http\\Request), Object(Closure))
#51 F:\\xampp\\htdocs\\sardancoCrm\\vendor\\laravel\\framework\\src\\Illuminate\\Foundation\\Http\\Middleware\\PreventRequestsDuringMaintenance.php(86): Illuminate\\Pipeline\\Pipeline->Illuminate\\Pipeline\\{closure}(Object(Illuminate\\Http\\Request))
#52 F:\\xampp\\htdocs\\sardancoCrm\\vendor\\laravel\\framework\\src\\Illuminate\\Pipeline\\Pipeline.php(180): Illuminate\\Foundation\\Http\\Middleware\\PreventRequestsDuringMaintenance->handle(Object(Illuminate\\Http\\Request), Object(Closure))
#53 F:\\xampp\\htdocs\\sardancoCrm\\vendor\\laravel\\framework\\src\\Illuminate\\Http\\Middleware\\HandleCors.php(49): Illuminate\\Pipeline\\Pipeline->Illuminate\\Pipeline\\{closure}(Object(Illuminate\\Http\\Request))
#54 F:\\xampp\\htdocs\\sardancoCrm\\vendor\\laravel\\framework\\src\\Illuminate\\Pipeline\\Pipeline.php(180): Illuminate\\Http\\Middleware\\HandleCors->handle(Object(Illuminate\\Http\\Request), Object(Closure))
#55 F:\\xampp\\htdocs\\sardancoCrm\\vendor\\laravel\\framework\\src\\Illuminate\\Http\\Middleware\\TrustProxies.php(39): Illuminate\\Pipeline\\Pipeline->Illuminate\\Pipeline\\{closure}(Object(Illuminate\\Http\\Request))
#56 F:\\xampp\\htdocs\\sardancoCrm\\vendor\\laravel\\framework\\src\\Illuminate\\Pipeline\\Pipeline.php(180): Illuminate\\Http\\Middleware\\TrustProxies->handle(Object(Illuminate\\Http\\Request), Object(Closure))
#57 F:\\xampp\\htdocs\\sardancoCrm\\vendor\\laravel\\framework\\src\\Illuminate\\Pipeline\\Pipeline.php(116): Illuminate\\Pipeline\\Pipeline->Illuminate\\Pipeline\\{closure}(Object(Illuminate\\Http\\Request))
#58 F:\\xampp\\htdocs\\sardancoCrm\\vendor\\laravel\\framework\\src\\Illuminate\\Foundation\\Http\\Kernel.php(165): Illuminate\\Pipeline\\Pipeline->then(Object(Closure))
#59 F:\\xampp\\htdocs\\sardancoCrm\\vendor\\laravel\\framework\\src\\Illuminate\\Foundation\\Http\\Kernel.php(134): Illuminate\\Foundation\\Http\\Kernel->sendRequestThroughRouter(Object(Illuminate\\Http\\Request))
#60 F:\\xampp\\htdocs\\sardancoCrm\\public\\index.php(36): Illuminate\\Foundation\\Http\\Kernel->handle(Object(Illuminate\\Http\\Request))
#61 F:\\xampp\\htdocs\\sardancoCrm\\vendor\\laravel\\framework\\src\\Illuminate\\Foundation\\resources\\server.php(16): require_once('F:\\\\xampp\\\\htdocs...')
#62 {main}

[previous exception] [object] (PDOException(code: 1049): SQLSTATE[HY000] [1049] Unknown database 'sardaandco_crm_local' at F:\\xampp\\htdocs\\sardancoCrm\\vendor\\laravel\\framework\\src\\Illuminate\\Database\\Connectors\\Connector.php:70)
[stacktrace]
#0 F:\\xampp\\htdocs\\sardancoCrm\\vendor\\laravel\\framework\\src\\Illuminate\\Database\\Connectors\\Connector.php(70): PDO->__construct('mysql:host=127....', 'root', Object(SensitiveParameterValue), Array)
#1 F:\\xampp\\htdocs\\sardancoCrm\\vendor\\laravel\\framework\\src\\Illuminate\\Database\\Connectors\\Connector.php(45): Illuminate\\Database\\Connectors\\Connector->createPdoConnection('mysql:host=127....', 'root', '', Array)
#2 F:\\xampp\\htdocs\\sardancoCrm\\vendor\\laravel\\framework\\src\\Illuminate\\Database\\Connectors\\MySqlConnector.php(24): Illuminate\\Database\\Connectors\\Connector->createConnection('mysql:host=127....', Array, Array)
#3 F:\\xampp\\htdocs\\sardancoCrm\\vendor\\laravel\\framework\\src\\Illuminate\\Database\\Connectors\\ConnectionFactory.php(184): Illuminate\\Database\\Connectors\\MySqlConnector->connect(Array)
#4 [internal function]: Illuminate\\Database\\Connectors\\ConnectionFactory->Illuminate\\Database\\Connectors\\{closure}()
#5 F:\\xampp\\htdocs\\sardancoCrm\\vendor\\laravel\\framework\\src\\Illuminate\\Database\\Connection.php(1181): call_user_func(Object(Closure))
#6 F:\\xampp\\htdocs\\sardancoCrm\\vendor\\laravel\\framework\\src\\Illuminate\\Database\\Connection.php(1217): Illuminate\\Database\\Connection->getPdo()
#7 F:\\xampp\\htdocs\\sardancoCrm\\vendor\\laravel\\framework\\src\\Illuminate\\Database\\Connection.php(486): Illuminate\\Database\\Connection->getReadPdo()
#8 F:\\xampp\\htdocs\\sardancoCrm\\vendor\\laravel\\framework\\src\\Illuminate\\Database\\Connection.php(414): Illuminate\\Database\\Connection->getPdoForSelect(true)
#9 F:\\xampp\\htdocs\\sardancoCrm\\vendor\\laravel\\framework\\src\\Illuminate\\Database\\Connection.php(753): Illuminate\\Database\\Connection->Illuminate\\Database\\{closure}('select * from `...', Array)
#10 F:\\xampp\\htdocs\\sardancoCrm\\vendor\\laravel\\framework\\src\\Illuminate\\Database\\Connection.php(720): Illuminate\\Database\\Connection->runQueryCallback('select * from `...', Array, Object(Closure))
#11 F:\\xampp\\htdocs\\sardancoCrm\\vendor\\laravel\\framework\\src\\Illuminate\\Database\\Connection.php(405): Illuminate\\Database\\Connection->run('select * from `...', Array, Object(Closure))
#12 F:\\xampp\\htdocs\\sardancoCrm\\vendor\\laravel\\framework\\src\\Illuminate\\Database\\Query\\Builder.php(2705): Illuminate\\Database\\Connection->select('select * from `...', Array, true)
#13 F:\\xampp\\htdocs\\sardancoCrm\\vendor\\laravel\\framework\\src\\Illuminate\\Database\\Query\\Builder.php(2694): Illuminate\\Database\\Query\\Builder->runSelect()
#14 F:\\xampp\\htdocs\\sardancoCrm\\vendor\\laravel\\framework\\src\\Illuminate\\Database\\Query\\Builder.php(3230): Illuminate\\Database\\Query\\Builder->Illuminate\\Database\\Query\\{closure}()
#15 F:\\xampp\\htdocs\\sardancoCrm\\vendor\\laravel\\framework\\src\\Illuminate\\Database\\Query\\Builder.php(2693): Illuminate\\Database\\Query\\Builder->onceWithColumns(Array, Object(Closure))
#16 F:\\xampp\\htdocs\\sardancoCrm\\vendor\\laravel\\framework\\src\\Illuminate\\Database\\Eloquent\\Builder.php(710): Illuminate\\Database\\Query\\Builder->get(Array)
#17 F:\\xampp\\htdocs\\sardancoCrm\\vendor\\laravel\\framework\\src\\Illuminate\\Database\\Eloquent\\Builder.php(694): Illuminate\\Database\\Eloquent\\Builder->getModels(Array)
#18 F:\\xampp\\htdocs\\sardancoCrm\\vendor\\laravel\\framework\\src\\Illuminate\\Database\\Concerns\\BuildsQueries.php(296): Illuminate\\Database\\Eloquent\\Builder->get(Array)
#19 F:\\xampp\\htdocs\\sardancoCrm\\vendor\\laravel\\framework\\src\\Illuminate\\Auth\\EloquentUserProvider.php(139): Illuminate\\Database\\Eloquent\\Builder->first()
#20 F:\\xampp\\htdocs\\sardancoCrm\\vendor\\laravel\\framework\\src\\Illuminate\\Auth\\SessionGuard.php(381): Illuminate\\Auth\\EloquentUserProvider->retrieveByCredentials(Array)
#21 F:\\xampp\\htdocs\\sardancoCrm\\vendor\\laravel\\framework\\src\\Illuminate\\Auth\\AuthManager.php(340): Illuminate\\Auth\\SessionGuard->attempt(Array, false)
#22 F:\\xampp\\htdocs\\sardancoCrm\\vendor\\laravel\\framework\\src\\Illuminate\\Support\\Facades\\Facade.php(338): Illuminate\\Auth\\AuthManager->__call('attempt', Array)
#23 F:\\xampp\\htdocs\\sardancoCrm\\app\\Http\\Requests\\Auth\\LoginRequest.php(44): Illuminate\\Support\\Facades\\Facade::__callStatic('attempt', Array)
#24 F:\\xampp\\htdocs\\sardancoCrm\\app\\Http\\Controllers\\Auth\\AuthenticatedSessionController.php(28): App\\Http\\Requests\\Auth\\LoginRequest->authenticate()
#25 F:\\xampp\\htdocs\\sardancoCrm\\vendor\\laravel\\framework\\src\\Illuminate\\Routing\\Controller.php(54): App\\Http\\Controllers\\Auth\\AuthenticatedSessionController->store(Object(App\\Http\\Requests\\Auth\\LoginRequest))
#26 F:\\xampp\\htdocs\\sardancoCrm\\vendor\\laravel\\framework\\src\\Illuminate\\Routing\\ControllerDispatcher.php(43): Illuminate\\Routing\\Controller->callAction('store', Array)
#27 F:\\xampp\\htdocs\\sardancoCrm\\vendor\\laravel\\framework\\src\\Illuminate\\Routing\\Route.php(259): Illuminate\\Routing\\ControllerDispatcher->dispatch(Object(Illuminate\\Routing\\Route), Object(App\\Http\\Controllers\\Auth\\AuthenticatedSessionController), 'store')
#28 F:\\xampp\\htdocs\\sardancoCrm\\vendor\\laravel\\framework\\src\\Illuminate\\Routing\\Route.php(205): Illuminate\\Routing\\Route->runController()
#29 F:\\xampp\\htdocs\\sardancoCrm\\vendor\\laravel\\framework\\src\\Illuminate\\Routing\\Router.php(798): Illuminate\\Routing\\Route->run()
#30 F:\\xampp\\htdocs\\sardancoCrm\\vendor\\laravel\\framework\\src\\Illuminate\\Pipeline\\Pipeline.php(141): Illuminate\\Routing\\Router->Illuminate\\Routing\\{closure}(Object(Illuminate\\Http\\Request))
#31 F:\\xampp\\htdocs\\sardancoCrm\\app\\Http\\Middleware\\RedirectIfAuthenticated.php(36): Illuminate\\Pipeline\\Pipeline->Illuminate\\Pipeline\\{closure}(Object(Illuminate\\Http\\Request))
#32 F:\\xampp\\htdocs\\sardancoCrm\\vendor\\laravel\\framework\\src\\Illuminate\\Pipeline\\Pipeline.php(180): App\\Http\\Middleware\\RedirectIfAuthenticated->handle(Object(Illuminate\\Http\\Request), Object(Closure))
#33 F:\\xampp\\htdocs\\sardancoCrm\\vendor\\laravel\\framework\\src\\Illuminate\\Routing\\Middleware\\SubstituteBindings.php(50): Illuminate\\Pipeline\\Pipeline->Illuminate\\Pipeline\\{closure}(Object(Illuminate\\Http\\Request))
#34 F:\\xampp\\htdocs\\sardancoCrm\\vendor\\laravel\\framework\\src\\Illuminate\\Pipeline\\Pipeline.php(180): Illuminate\\Routing\\Middleware\\SubstituteBindings->handle(Object(Illuminate\\Http\\Request), Object(Closure))
#35 F:\\xampp\\htdocs\\sardancoCrm\\vendor\\laravel\\framework\\src\\Illuminate\\Foundation\\Http\\Middleware\\VerifyCsrfToken.php(78): Illuminate\\Pipeline\\Pipeline->Illuminate\\Pipeline\\{closure}(Object(Illuminate\\Http\\Request))
#36 F:\\xampp\\htdocs\\sardancoCrm\\vendor\\laravel\\framework\\src\\Illuminate\\Pipeline\\Pipeline.php(180): Illuminate\\Foundation\\Http\\Middleware\\VerifyCsrfToken->handle(Object(Illuminate\\Http\\Request), Object(Closure))
#37 F:\\xampp\\htdocs\\sardancoCrm\\vendor\\laravel\\framework\\src\\Illuminate\\View\\Middleware\\ShareErrorsFromSession.php(49): Illuminate\\Pipeline\\Pipeline->Illuminate\\Pipeline\\{closure}(Object(Illuminate\\Http\\Request))
#38 F:\\xampp\\htdocs\\sardancoCrm\\vendor\\laravel\\framework\\src\\Illuminate\\Pipeline\\Pipeline.php(180): Illuminate\\View\\Middleware\\ShareErrorsFromSession->handle(Object(Illuminate\\Http\\Request), Object(Closure))
#39 F:\\xampp\\htdocs\\sardancoCrm\\vendor\\laravel\\framework\\src\\Illuminate\\Session\\Middleware\\StartSession.php(121): Illuminate\\Pipeline\\Pipeline->Illuminate\\Pipeline\\{closure}(Object(Illuminate\\Http\\Request))
#40 F:\\xampp\\htdocs\\sardancoCrm\\vendor\\laravel\\framework\\src\\Illuminate\\Session\\Middleware\\StartSession.php(64): Illuminate\\Session\\Middleware\\StartSession->handleStatefulRequest(Object(Illuminate\\Http\\Request), Object(Illuminate\\Session\\Store), Object(Closure))
#41 F:\\xampp\\htdocs\\sardancoCrm\\vendor\\laravel\\framework\\src\\Illuminate\\Pipeline\\Pipeline.php(180): Illuminate\\Session\\Middleware\\StartSession->handle(Object(Illuminate\\Http\\Request), Object(Closure))
#42 F:\\xampp\\htdocs\\sardancoCrm\\vendor\\laravel\\framework\\src\\Illuminate\\Cookie\\Middleware\\AddQueuedCookiesToResponse.php(37): Illuminate\\Pipeline\\Pipeline->Illuminate\\Pipeline\\{closure}(Object(Illuminate\\Http\\Request))
#43 F:\\xampp\\htdocs\\sardancoCrm\\vendor\\laravel\\framework\\src\\Illuminate\\Pipeline\\Pipeline.php(180): Illuminate\\Cookie\\Middleware\\AddQueuedCookiesToResponse->handle(Object(Illuminate\\Http\\Request), Object(Closure))
#44 F:\\xampp\\htdocs\\sardancoCrm\\vendor\\laravel\\framework\\src\\Illuminate\\Cookie\\Middleware\\EncryptCookies.php(67): Illuminate\\Pipeline\\Pipeline->Illuminate\\Pipeline\\{closure}(Object(Illuminate\\Http\\Request))
#45 F:\\xampp\\htdocs\\sardancoCrm\\vendor\\laravel\\framework\\src\\Illuminate\\Pipeline\\Pipeline.php(180): Illuminate\\Cookie\\Middleware\\EncryptCookies->handle(Object(Illuminate\\Http\\Request), Object(Closure))
#46 F:\\xampp\\htdocs\\sardancoCrm\\vendor\\laravel\\framework\\src\\Illuminate\\Pipeline\\Pipeline.php(116): Illuminate\\Pipeline\\Pipeline->Illuminate\\Pipeline\\{closure}(Object(Illuminate\\Http\\Request))
#47 F:\\xampp\\htdocs\\sardancoCrm\\vendor\\laravel\\framework\\src\\Illuminate\\Routing\\Router.php(797): Illuminate\\Pipeline\\Pipeline->then(Object(Closure))
#48 F:\\xampp\\htdocs\\sardancoCrm\\vendor\\laravel\\framework\\src\\Illuminate\\Routing\\Router.php(776): Illuminate\\Routing\\Router->runRouteWithinStack(Object(Illuminate\\Routing\\Route), Object(Illuminate\\Http\\Request))
#49 F:\\xampp\\htdocs\\sardancoCrm\\vendor\\laravel\\framework\\src\\Illuminate\\Routing\\Router.php(740): Illuminate\\Routing\\Router->runRoute(Object(Illuminate\\Http\\Request), Object(Illuminate\\Routing\\Route))
#50 F:\\xampp\\htdocs\\sardancoCrm\\vendor\\laravel\\framework\\src\\Illuminate\\Routing\\Router.php(729): Illuminate\\Routing\\Router->dispatchToRoute(Object(Illuminate\\Http\\Request))
#51 F:\\xampp\\htdocs\\sardancoCrm\\vendor\\laravel\\framework\\src\\Illuminate\\Foundation\\Http\\Kernel.php(190): Illuminate\\Routing\\Router->dispatch(Object(Illuminate\\Http\\Request))
#52 F:\\xampp\\htdocs\\sardancoCrm\\vendor\\laravel\\framework\\src\\Illuminate\\Pipeline\\Pipeline.php(141): Illuminate\\Foundation\\Http\\Kernel->Illuminate\\Foundation\\Http\\{closure}(Object(Illuminate\\Http\\Request))
#53 F:\\xampp\\htdocs\\sardancoCrm\\vendor\\laravel\\framework\\src\\Illuminate\\Foundation\\Http\\Middleware\\TransformsRequest.php(21): Illuminate\\Pipeline\\Pipeline->Illuminate\\Pipeline\\{closure}(Object(Illuminate\\Http\\Request))
#54 F:\\xampp\\htdocs\\sardancoCrm\\vendor\\laravel\\framework\\src\\Illuminate\\Foundation\\Http\\Middleware\\ConvertEmptyStringsToNull.php(31): Illuminate\\Foundation\\Http\\Middleware\\TransformsRequest->handle(Object(Illuminate\\Http\\Request), Object(Closure))
#55 F:\\xampp\\htdocs\\sardancoCrm\\vendor\\laravel\\framework\\src\\Illuminate\\Pipeline\\Pipeline.php(180): Illuminate\\Foundation\\Http\\Middleware\\ConvertEmptyStringsToNull->handle(Object(Illuminate\\Http\\Request), Object(Closure))
#56 F:\\xampp\\htdocs\\sardancoCrm\\vendor\\laravel\\framework\\src\\Illuminate\\Foundation\\Http\\Middleware\\TransformsRequest.php(21): Illuminate\\Pipeline\\Pipeline->Illuminate\\Pipeline\\{closure}(Object(Illuminate\\Http\\Request))
#57 F:\\xampp\\htdocs\\sardancoCrm\\vendor\\laravel\\framework\\src\\Illuminate\\Foundation\\Http\\Middleware\\TrimStrings.php(40): Illuminate\\Foundation\\Http\\Middleware\\TransformsRequest->handle(Object(Illuminate\\Http\\Request), Object(Closure))
#58 F:\\xampp\\htdocs\\sardancoCrm\\vendor\\laravel\\framework\\src\\Illuminate\\Pipeline\\Pipeline.php(180): Illuminate\\Foundation\\Http\\Middleware\\TrimStrings->handle(Object(Illuminate\\Http\\Request), Object(Closure))
#59 F:\\xampp\\htdocs\\sardancoCrm\\vendor\\laravel\\framework\\src\\Illuminate\\Foundation\\Http\\Middleware\\ValidatePostSize.php(27): Illuminate\\Pipeline\\Pipeline->Illuminate\\Pipeline\\{closure}(Object(Illuminate\\Http\\Request))
#60 F:\\xampp\\htdocs\\sardancoCrm\\vendor\\laravel\\framework\\src\\Illuminate\\Pipeline\\Pipeline.php(180): Illuminate\\Foundation\\Http\\Middleware\\ValidatePostSize->handle(Object(Illuminate\\Http\\Request), Object(Closure))
#61 F:\\xampp\\htdocs\\sardancoCrm\\vendor\\laravel\\framework\\src\\Illuminate\\Foundation\\Http\\Middleware\\PreventRequestsDuringMaintenance.php(86): Illuminate\\Pipeline\\Pipeline->Illuminate\\Pipeline\\{closure}(Object(Illuminate\\Http\\Request))
#62 F:\\xampp\\htdocs\\sardancoCrm\\vendor\\laravel\\framework\\src\\Illuminate\\Pipeline\\Pipeline.php(180): Illuminate\\Foundation\\Http\\Middleware\\PreventRequestsDuringMaintenance->handle(Object(Illuminate\\Http\\Request), Object(Closure))
#63 F:\\xampp\\htdocs\\sardancoCrm\\vendor\\laravel\\framework\\src\\Illuminate\\Http\\Middleware\\HandleCors.php(49): Illuminate\\Pipeline\\Pipeline->Illuminate\\Pipeline\\{closure}(Object(Illuminate\\Http\\Request))
#64 F:\\xampp\\htdocs\\sardancoCrm\\vendor\\laravel\\framework\\src\\Illuminate\\Pipeline\\Pipeline.php(180): Illuminate\\Http\\Middleware\\HandleCors->handle(Object(Illuminate\\Http\\Request), Object(Closure))
#65 F:\\xampp\\htdocs\\sardancoCrm\\vendor\\laravel\\framework\\src\\Illuminate\\Http\\Middleware\\TrustProxies.php(39): Illuminate\\Pipeline\\Pipeline->Illuminate\\Pipeline\\{closure}(Object(Illuminate\\Http\\Request))
#66 F:\\xampp\\htdocs\\sardancoCrm\\vendor\\laravel\\framework\\src\\Illuminate\\Pipeline\\Pipeline.php(180): Illuminate\\Http\\Middleware\\TrustProxies->handle(Object(Illuminate\\Http\\Request), Object(Closure))
#67 F:\\xampp\\htdocs\\sardancoCrm\\vendor\\laravel\\framework\\src\\Illuminate\\Pipeline\\Pipeline.php(116): Illuminate\\Pipeline\\Pipeline->Illuminate\\Pipeline\\{closure}(Object(Illuminate\\Http\\Request))
#68 F:\\xampp\\htdocs\\sardancoCrm\\vendor\\laravel\\framework\\src\\Illuminate\\Foundation\\Http\\Kernel.php(165): Illuminate\\Pipeline\\Pipeline->then(Object(Closure))
#69 F:\\xampp\\htdocs\\sardancoCrm\\vendor\\laravel\\framework\\src\\Illuminate\\Foundation\\Http\\Kernel.php(134): Illuminate\\Foundation\\Http\\Kernel->sendRequestThroughRouter(Object(Illuminate\\Http\\Request))
#70 F:\\xampp\\htdocs\\sardancoCrm\\public\\index.php(36): Illuminate\\Foundation\\Http\\Kernel->handle(Object(Illuminate\\Http\\Request))
#71 F:\\xampp\\htdocs\\sardancoCrm\\vendor\\laravel\\framework\\src\\Illuminate\\Foundation\\resources\\server.php(16): require_once('F:\\\\xampp\\\\htdocs...')
#72 {main}
"} 
